frame,t_sec,state,observation,confidence,margin_sd,reason,v3_label,red_on,red_z,green_on,green_z
0,0.0,red,observed,1.0,16.12,,red,1,19.51,0,-16.12
3,0.1,red,observed,1.0,15.84,,red,1,18.15,0,-15.84
6,0.2,red,observed,1.0,16.12,,red,1,17.39,0,-16.12
9,0.3,red,observed,1.0,15.81,,red,1,18.0,0,-15.81
12,0.4,red,observed,1.0,15.77,,red,1,18.49,0,-15.77
15,0.501,red,observed,1.0,15.9,,red,1,19.02,0,-15.9
18,0.601,red,observed,1.0,16.32,,red,1,17.62,0,-16.32
21,0.701,red,observed,1.0,16.32,,red,1,17.66,0,-16.32
24,0.801,red,observed,1.0,16.25,,red,1,18.07,0,-16.25
27,0.901,red,observed,1.0,16.19,,red,1,17.43,0,-16.19
30,1.001,red,observed,1.0,15.93,,red,1,18.11,0,-15.93
33,1.101,red,observed,1.0,15.87,,red,1,17.54,0,-15.87
36,1.201,red,observed,1.0,15.58,,red,1,18.26,0,-15.58
39,1.301,red,observed,1.0,16.0,,red,1,18.68,0,-16.0
42,1.401,red,observed,1.0,16.09,,red,1,18.45,0,-16.09
45,1.502,red,observed,1.0,15.96,,red,1,18.34,0,-15.96
48,1.602,red,observed,1.0,16.0,,red,1,18.87,0,-16.0
51,1.702,red,observed,1.0,15.84,,red,1,18.3,0,-15.84
54,1.802,red,observed,1.0,16.06,,red,1,17.62,0,-16.06
57,1.902,red,observed,1.0,16.06,,red,1,17.5,0,-16.06
60,2.002,red,observed,1.0,16.28,,red,1,17.77,0,-16.28
63,2.102,red,observed,1.0,16.16,,red,1,17.54,0,-16.16
66,2.202,red,observed,1.0,16.06,,red,1,17.58,0,-16.06
69,2.302,red,observed,1.0,16.28,,red,1,17.66,0,-16.28
72,2.402,red,observed,1.0,15.71,,red,1,17.58,0,-15.71
75,2.502,red,observed,1.0,16.16,,red,1,17.77,0,-16.16
78,2.603,red,observed,1.0,15.93,,red,1,17.73,0,-15.93
81,2.703,red,observed,1.0,16.03,,red,1,18.07,0,-16.03
84,2.803,red,observed,1.0,16.19,,red,1,17.88,0,-16.19
87,2.903,red,observed,1.0,16.16,,red,1,18.64,0,-16.16
90,3.003,red,observed,1.0,15.9,,red,1,18.07,0,-15.9
93,3.103,red,observed,1.0,16.35,,red,1,18.0,0,-16.35
96,3.203,red,observed,1.0,16.06,,red,1,18.38,0,-16.06
99,3.303,red,observed,1.0,16.06,,red,1,18.07,0,-16.06
102,3.403,red,observed,1.0,16.0,,red,1,18.6,0,-16.0
105,3.504,red,observed,1.0,15.74,,red,1,18.6,0,-15.74
108,3.604,red,observed,1.0,15.84,,red,1,17.92,0,-15.84
111,3.704,red,observed,1.0,15.96,,red,1,18.87,0,-15.96
114,3.804,red,observed,1.0,16.22,,red,1,18.0,0,-16.22
117,3.904,red,observed,1.0,16.25,,red,1,18.68,0,-16.25
120,4.004,red,observed,1.0,15.81,,red,1,18.94,0,-15.81
123,4.104,red,observed,1.0,15.87,,red,1,18.72,0,-15.87
126,4.204,red,observed,1.0,16.09,,red,1,18.03,0,-16.09
129,4.304,red,observed,1.0,16.22,,red,1,18.3,0,-16.22
132,4.404,red,observed,1.0,15.71,,red,1,18.72,0,-15.71
135,4.504,red,observed,1.0,15.87,,red,1,18.34,0,-15.87
138,4.605,red,observed,1.0,16.16,,red,1,18.56,0,-16.16
141,4.705,red,observed,1.0,16.03,,red,1,18.34,0,-16.03
144,4.805,red,observed,1.0,16.0,,red,1,18.64,0,-16.0
147,4.905,red,observed,1.0,16.19,,red,1,18.56,0,-16.19
150,5.005,red,observed,1.0,16.03,,red,1,18.56,0,-16.03
153,5.105,red,observed,1.0,16.38,,red,1,18.72,0,-16.38
156,5.205,red,observed,1.0,15.81,,red,1,18.19,0,-15.81
159,5.305,red,observed,1.0,16.0,,red,1,18.56,0,-16.0
162,5.405,red,observed,1.0,16.09,,red,1,20.53,0,-16.09
165,5.506,red,observed,1.0,15.81,,red,1,18.19,0,-15.81
168,5.606,red,observed,1.0,15.87,,red,1,18.45,0,-15.87
171,5.706,red,observed,1.0,15.74,,red,1,18.11,0,-15.74
174,5.806,red,observed,1.0,16.28,,red,1,18.68,0,-16.28
177,5.906,red,observed,1.0,16.28,,red,1,18.07,0,-16.28
180,6.006,red,observed,1.0,16.16,,red,1,18.38,0,-16.16
183,6.106,red,observed,1.0,16.0,,red,1,18.26,0,-16.0
186,6.206,red,observed,1.0,16.22,,red,1,18.11,0,-16.22
189,6.306,red,observed,1.0,16.19,,red,1,20.0,0,-16.19
192,6.406,red,observed,1.0,16.44,,red,1,20.69,0,-16.44
195,6.506,red,observed,1.0,16.03,,red,1,18.38,0,-16.03
198,6.607,red,observed,1.0,16.35,,red,1,18.64,0,-16.35
201,6.707,red,observed,1.0,16.03,,red,1,18.56,0,-16.03
204,6.807,red,observed,1.0,16.09,,red,1,18.22,0,-16.09
207,6.907,red,observed,1.0,16.12,,red,1,20.23,0,-16.12
210,7.007,red,observed,1.0,16.16,,red,1,20.16,0,-16.16
213,7.107,red,observed,1.0,15.93,,red,1,20.42,0,-15.93
216,7.207,red,observed,1.0,15.87,,red,1,18.72,0,-15.87
219,7.307,red,observed,1.0,15.87,,red,1,20.19,0,-15.87
222,7.407,red,observed,1.0,16.12,,red,1,18.56,0,-16.12
225,7.508,red,observed,1.0,16.22,,red,1,18.41,0,-16.22
228,7.608,red,observed,1.0,16.41,,red,1,20.16,0,-16.41
231,7.708,red,observed,1.0,16.32,,red,1,19.85,0,-16.32
234,7.808,red,observed,1.0,16.16,,red,1,18.11,0,-16.16
237,7.908,red,observed,1.0,16.22,,red,1,20.27,0,-16.22
240,8.008,red,observed,1.0,16.09,,red,1,20.69,0,-16.09
243,8.108,red,observed,1.0,15.61,,red,1,17.69,0,-15.61
246,8.208,red,observed,1.0,16.0,,red,1,17.62,0,-16.0
249,8.308,red,observed,1.0,16.16,,red,1,20.61,0,-16.16
252,8.408,red,observed,1.0,16.16,,red,1,20.12,0,-16.16
255,8.508,red,observed,1.0,15.96,,red,1,18.19,0,-15.96
258,8.609,red,observed,1.0,16.12,,red,1,20.65,0,-16.12
261,8.709,red,observed,1.0,16.12,,red,1,19.97,0,-16.12
264,8.809,red,observed,1.0,16.22,,red,1,17.31,0,-16.22
267,8.909,red,observed,1.0,16.06,,red,1,20.19,0,-16.06
270,9.009,red,observed,1.0,16.06,,red,1,20.84,0,-16.06
273,9.109,red,observed,1.0,15.9,,red,1,18.15,0,-15.9
276,9.209,red,observed,1.0,15.87,,red,1,20.76,0,-15.87
279,9.309,red,observed,1.0,16.03,,red,1,19.63,0,-16.03
282,9.409,red,observed,1.0,15.81,,red,1,19.93,0,-15.81
285,9.51,red,observed,1.0,15.71,,red,1,17.81,0,-15.71
288,9.61,red,observed,1.0,16.09,,red,1,20.72,0,-16.09
291,9.71,red,observed,1.0,15.74,,red,1,19.74,0,-15.74
294,9.81,red,observed,1.0,16.03,,red,1,18.0,0,-16.03
297,9.91,red,observed,1.0,16.12,,red,1,19.59,0,-16.12
300,10.01,red,observed,1.0,16.19,,red,1,19.55,0,-16.19
303,10.11,red,observed,1.0,16.22,,red,1,17.66,0,-16.22
306,10.21,red,observed,1.0,16.25,,red,1,19.89,0,-16.25
309,10.31,red,observed,1.0,15.9,,red,1,20.65,0,-15.9
312,10.41,red,observed,1.0,16.12,,red,1,19.7,0,-16.12
315,10.51,red,observed,1.0,16.06,,red,1,19.78,0,-16.06
318,10.611,red,observed,1.0,16.09,,red,1,19.82,0,-16.09
321,10.711,red,observed,1.0,16.09,,red,1,20.88,0,-16.09
324,10.811,red,observed,1.0,16.06,,red,1,18.22,0,-16.06
327,10.911,red,observed,1.0,16.41,,red,1,19.82,0,-16.41
330,11.011,red,observed,1.0,16.06,,red,1,19.74,0,-16.06
333,11.111,red,observed,1.0,16.22,,red,1,20.84,0,-16.22
336,11.211,red,observed,1.0,16.06,,red,1,19.51,0,-16.06
339,11.311,red,observed,1.0,16.22,,red,1,20.27,0,-16.22
342,11.411,red,observed,1.0,16.22,,red,1,20.08,0,-16.22
345,11.512,red,observed,1.0,16.19,,red,1,20.08,0,-16.19
348,11.612,red,observed,1.0,15.96,,red,1,19.55,0,-15.96
351,11.712,red,observed,1.0,16.09,,red,1,19.97,0,-16.09
354,11.812,red,observed,1.0,16.22,,red,1,19.78,0,-16.22
357,11.912,red,observed,1.0,16.03,,red,1,20.0,0,-16.03
360,12.012,red,observed,1.0,15.96,,red,1,19.7,0,-15.96
363,12.112,red,observed,1.0,15.9,,red,1,19.78,0,-15.9
366,12.212,red,observed,1.0,16.03,,red,1,19.4,0,-16.03
369,12.312,red,observed,1.0,16.0,,red,1,19.63,0,-16.0
372,12.412,red,observed,1.0,15.84,,red,1,19.59,0,-15.84
375,12.513,red,observed,1.0,15.93,,red,1,19.82,0,-15.93
378,12.613,red,observed,1.0,15.9,,red,1,20.31,0,-15.9
381,12.713,red,observed,1.0,16.12,,red,1,20.23,0,-16.12
384,12.813,red,observed,1.0,16.22,,red,1,20.19,0,-16.22
387,12.913,red,observed,1.0,16.03,,red,1,20.12,0,-16.03
390,13.013,red,observed,1.0,15.93,,red,1,20.23,0,-15.93
393,13.113,red,observed,1.0,16.22,,red,1,20.27,0,-16.22
396,13.213,red,observed,1.0,16.22,,red,1,20.16,0,-16.22
399,13.313,red,observed,1.0,15.81,,red,1,20.31,0,-15.81
402,13.413,red,observed,1.0,15.84,,red,1,20.5,0,-15.84
405,13.514,red,observed,1.0,16.22,,red,1,20.42,0,-16.22
408,13.614,red,observed,1.0,16.0,,red,1,19.59,0,-16.0
411,13.714,red,observed,1.0,16.06,,red,1,19.66,0,-16.06
414,13.814,red,observed,1.0,15.74,,red,1,20.04,0,-15.74
417,13.914,red,observed,1.0,16.12,,red,1,19.89,0,-16.12
420,14.014,red,observed,1.0,15.77,,red,1,19.85,0,-15.77
423,14.114,red,observed,1.0,16.19,,red,1,20.19,0,-16.19
426,14.214,red,observed,1.0,16.06,,red,1,19.89,0,-16.06
429,14.314,red,observed,1.0,16.0,,red,1,20.19,0,-16.0
432,14.414,red,observed,1.0,15.9,,red,1,20.0,0,-15.9
435,14.514,red,observed,1.0,15.84,,red,1,19.74,0,-15.84
438,14.615,red,observed,1.0,16.03,,red,1,19.97,0,-16.03
441,14.715,red,observed,1.0,16.19,,red,1,20.0,0,-16.19
444,14.815,red,observed,1.0,15.9,,red,1,19.97,0,-15.9
447,14.915,red,observed,1.0,15.68,,red,1,20.19,0,-15.68
450,15.015,red,observed,1.0,15.96,,red,1,20.12,0,-15.96
453,15.115,red,observed,1.0,16.06,,red,1,20.31,0,-16.06
456,15.215,red,observed,1.0,16.0,,red,1,19.59,0,-16.0
459,15.315,red,observed,1.0,15.96,,red,1,19.74,0,-15.96
462,15.415,red,observed,1.0,16.25,,red,1,20.35,0,-16.25
465,15.516,red,observed,1.0,15.74,,red,1,19.7,0,-15.74
468,15.616,red,observed,1.0,15.71,,red,1,20.04,0,-15.71
471,15.716,red,observed,1.0,15.9,,red,1,19.74,0,-15.9
474,15.816,red,observed,1.0,15.84,,red,1,19.82,0,-15.84
477,15.916,red,observed,1.0,16.22,,red,1,20.04,0,-16.22
480,16.016,red,observed,1.0,16.0,,red,1,19.47,0,-16.0
483,16.116,red,observed,1.0,16.0,,red,1,19.74,0,-16.0
486,16.216,red,observed,1.0,16.22,,red,1,20.04,0,-16.22
489,16.316,red,observed,1.0,16.25,,red,1,19.63,0,-16.25
492,16.416,red,observed,1.0,15.96,,red,1,19.74,0,-15.96
495,16.516,red,observed,1.0,15.93,,red,1,19.32,0,-15.93
498,16.617,red,observed,1.0,16.32,,red,1,19.93,0,-16.32
501,16.717,red,observed,1.0,16.28,,red,1,19.85,0,-16.28
504,16.817,red,observed,1.0,16.03,,red,1,19.97,0,-16.03
507,16.917,red,observed,1.0,15.9,,red,1,20.0,0,-15.9
510,17.017,red,observed,1.0,16.16,,red,1,19.63,0,-16.16
513,17.117,red,observed,1.0,16.19,,red,1,20.23,0,-16.19
516,17.217,red,observed,1.0,15.84,,red,1,20.38,0,-15.84
519,17.317,red,observed,1.0,16.22,,red,1,19.66,0,-16.22
522,17.417,red,observed,1.0,15.71,,red,1,19.97,0,-15.71
525,17.518,red,observed,1.0,15.84,,red,1,20.0,0,-15.84
528,17.618,red,observed,1.0,16.6,,red,1,19.89,0,-16.6
531,17.718,red,observed,1.0,16.06,,red,1,19.82,0,-16.06
534,17.818,red,observed,1.0,16.09,,red,1,19.59,0,-16.09
537,17.918,red,observed,1.0,16.03,,red,1,19.97,0,-16.03
540,18.018,red,observed,1.0,16.22,,red,1,19.7,0,-16.22
543,18.118,red,observed,1.0,16.12,,red,1,19.85,0,-16.12
546,18.218,red,observed,1.0,16.06,,red,1,19.66,0,-16.06
549,18.318,red,observed,1.0,16.09,,red,1,19.55,0,-16.09
552,18.418,red,observed,1.0,16.28,,red,1,19.32,0,-16.28
555,18.518,red,observed,1.0,16.03,,red,1,19.51,0,-16.03
558,18.619,red,observed,1.0,16.06,,red,1,19.1,0,-16.06
561,18.719,red,observed,1.0,16.19,,red,1,19.4,0,-16.19
564,18.819,red,observed,1.0,16.06,,red,1,19.66,0,-16.06
567,18.919,red,observed,1.0,16.09,,red,1,19.36,0,-16.09
570,19.019,red,observed,1.0,16.12,,red,1,19.74,0,-16.12
573,19.119,red,observed,1.0,15.77,,red,1,19.47,0,-15.77
576,19.219,red,observed,1.0,15.96,,red,1,19.21,0,-15.96
579,19.319,red,observed,1.0,16.25,,red,1,19.44,0,-16.25
582,19.419,red,observed,1.0,16.0,,red,1,19.44,0,-16.0
585,19.52,red,observed,1.0,15.96,,red,1,19.89,0,-15.96
588,19.62,red,observed,1.0,16.22,,red,1,19.06,0,-16.22
591,19.72,red,observed,1.0,15.87,,red,1,19.32,0,-15.87
594,19.82,red,observed,1.0,16.0,,red,1,19.25,0,-16.0
597,19.92,red,observed,1.0,15.9,,red,1,19.51,0,-15.9
600,20.02,red,observed,1.0,15.96,,red,1,19.85,0,-15.96
603,20.12,red,observed,1.0,16.06,,red,1,19.59,0,-16.06
606,20.22,red,observed,1.0,16.47,,red,1,19.17,0,-16.47
609,20.32,red,observed,1.0,16.03,,red,1,19.66,0,-16.03
612,20.42,red,observed,1.0,16.22,,red,1,19.82,0,-16.22
615,20.521,red,observed,1.0,16.16,,red,1,19.44,0,-16.16
618,20.621,red,observed,1.0,16.28,,red,1,19.1,0,-16.28
621,20.721,red,observed,1.0,16.0,,red,1,19.59,0,-16.0
624,20.821,red,observed,1.0,16.25,,red,1,19.82,0,-16.25
627,20.921,red,observed,1.0,16.12,,red,1,19.78,0,-16.12
630,21.021,red,observed,1.0,16.28,,red,1,20.19,0,-16.28
633,21.121,red,observed,1.0,15.96,,red,1,20.38,0,-15.96
636,21.221,red,observed,1.0,16.12,,red,1,19.93,0,-16.12
639,21.321,red,observed,1.0,16.35,,red,1,19.85,0,-16.35
642,21.421,red,observed,1.0,15.96,,red,1,19.55,0,-15.96
645,21.522,red,observed,1.0,16.06,,red,1,19.4,0,-16.06
648,21.622,red,observed,1.0,16.16,,red,1,19.66,0,-16.16
651,21.722,red,observed,1.0,15.87,,red,1,19.28,0,-15.87
654,21.822,red,observed,1.0,15.9,,red,1,19.78,0,-15.9
657,21.922,red,observed,1.0,16.06,,red,1,19.63,0,-16.06
660,22.022,red,observed,1.0,15.81,,red,1,19.93,0,-15.81
663,22.122,red,observed,1.0,16.03,,red,1,19.28,0,-16.03
666,22.222,red,observed,1.0,16.0,,red,1,19.51,0,-16.0
669,22.322,red,observed,1.0,15.68,,red,1,19.47,0,-15.68
672,22.422,red,observed,1.0,16.0,,red,1,19.21,0,-16.0
675,22.522,red,observed,1.0,16.0,,red,1,19.36,0,-16.0
678,22.623,red,observed,1.0,16.28,,red,1,19.51,0,-16.28
681,22.723,red,observed,1.0,16.32,,red,1,19.89,0,-16.32
684,22.823,red,observed,1.0,16.32,,red,1,19.66,0,-16.32
687,22.923,red,observed,1.0,16.09,,red,1,19.21,0,-16.09
690,23.023,red,observed,1.0,16.22,,red,1,19.85,0,-16.22
693,23.123,red,observed,1.0,16.32,,red,1,19.55,0,-16.32
696,23.223,red,observed,1.0,16.12,,red,1,19.63,0,-16.12
699,23.323,red,observed,1.0,16.06,,red,1,20.12,0,-16.06
702,23.423,red,observed,1.0,16.22,,red,1,19.89,0,-16.22
705,23.524,red,observed,1.0,16.16,,red,1,19.32,0,-16.16
708,23.624,red,observed,1.0,16.28,,red,1,19.47,0,-16.28
711,23.724,red,observed,1.0,16.28,,red,1,19.59,0,-16.28
714,23.824,red,observed,1.0,15.87,,red,1,19.82,0,-15.87
717,23.924,red,observed,1.0,15.96,,red,1,19.55,0,-15.96
720,24.024,red,observed,1.0,16.12,,red,1,20.04,0,-16.12
723,24.124,red,observed,1.0,16.19,,red,1,20.16,0,-16.19
726,24.224,red,observed,1.0,16.0,,red,1,20.27,0,-16.0
729,24.324,red,observed,1.0,16.35,,red,1,19.51,0,-16.35
732,24.424,red,observed,1.0,16.0,,red,1,20.08,0,-16.0
735,24.524,red,observed,1.0,16.38,,red,1,19.74,0,-16.38
738,24.625,red,observed,1.0,16.22,,red,1,19.66,0,-16.22
741,24.725,red,observed,1.0,16.35,,red,1,19.51,0,-16.35
744,24.825,red,observed,1.0,16.16,,red,1,19.59,0,-16.16
747,24.925,red,observed,1.0,16.22,,red,1,20.08,0,-16.22
750,25.025,red,observed,1.0,16.06,,red,1,19.55,0,-16.06
753,25.125,red,observed,1.0,15.74,,red,1,19.89,0,-15.74
756,25.225,red,observed,1.0,15.9,,red,1,19.63,0,-15.9
759,25.325,red,observed,1.0,15.84,,red,1,19.74,0,-15.84
762,25.425,red,observed,1.0,15.77,,red,1,19.44,0,-15.77
765,25.526,red,observed,1.0,16.12,,red,1,19.32,0,-16.12
768,25.626,red,observed,1.0,16.03,,red,1,19.85,0,-16.03
771,25.726,red,observed,1.0,16.19,,red,1,19.63,0,-16.19
774,25.826,red,observed,1.0,16.03,,red,1,19.66,0,-16.03
777,25.926,red,observed,1.0,16.06,,red,1,19.25,0,-16.06
780,26.026,red,observed,1.0,15.93,,red,1,19.32,0,-15.93
783,26.126,red,observed,1.0,15.96,,red,1,18.91,0,-15.96
786,26.226,red,observed,1.0,16.09,,red,1,19.06,0,-16.09
789,26.326,red,observed,1.0,15.93,,red,1,19.06,0,-15.93
792,26.426,red,observed,1.0,16.44,,red,1,19.55,0,-16.44
795,26.527,red,observed,1.0,15.96,,red,1,19.44,0,-15.96
798,26.627,red,observed,1.0,16.35,,red,1,19.25,0,-16.35
801,26.727,red,observed,1.0,16.25,,red,1,19.17,0,-16.25
804,26.827,red,observed,1.0,16.12,,red,1,19.36,0,-16.12
807,26.927,red,observed,1.0,16.32,,red,1,19.55,0,-16.32
810,27.027,red,observed,1.0,16.06,,red,1,19.13,0,-16.06
813,27.127,red,observed,1.0,16.16,,red,1,19.63,0,-16.16
816,27.227,red,observed,1.0,16.22,,red,1,19.21,0,-16.22
819,27.327,red,observed,1.0,16.09,,red,1,18.79,0,-16.09
822,27.427,red,observed,1.0,16.25,,red,1,19.1,0,-16.25
825,27.528,red,observed,1.0,16.19,,red,1,19.21,0,-16.19
828,27.628,red,observed,1.0,16.06,,red,1,19.44,0,-16.06
831,27.728,red,observed,1.0,16.19,,red,1,19.06,0,-16.19
834,27.828,red,observed,1.0,16.09,,red,1,18.72,0,-16.09
837,27.928,red,observed,1.0,16.16,,red,1,19.17,0,-16.16
840,28.028,red,observed,1.0,16.22,,red,1,18.75,0,-16.22
843,28.128,red,observed,1.0,16.03,,red,1,19.4,0,-16.03
846,28.228,red,observed,1.0,16.35,,red,1,18.72,0,-16.35
849,28.328,red,observed,1.0,15.96,,red,1,19.06,0,-15.96
852,28.428,red,observed,1.0,16.12,,red,1,19.36,0,-16.12
855,28.528,red,observed,1.0,16.12,,red,1,18.87,0,-16.12
858,28.629,red,observed,1.0,16.22,,red,1,18.98,0,-16.22
861,28.729,red,observed,1.0,15.9,,red,1,18.87,0,-15.9
864,28.829,red,observed,1.0,16.16,,red,1,18.83,0,-16.16
867,28.929,red,observed,1.0,16.06,,red,1,19.74,0,-16.06
870,29.029,red,observed,1.0,16.09,,red,1,19.02,0,-16.09
873,29.129,red,observed,1.0,15.96,,red,1,18.75,0,-15.96
876,29.229,red,observed,1.0,15.96,,red,1,19.02,0,-15.96
879,29.329,red,observed,1.0,16.12,,red,1,19.47,0,-16.12
882,29.429,red,observed,1.0,16.32,,red,1,19.44,0,-16.32
885,29.53,red,observed,1.0,16.28,,red,1,19.25,0,-16.28
888,29.63,red,observed,1.0,16.28,,red,1,19.28,0,-16.28
891,29.73,red,observed,1.0,15.87,,red,1,19.21,0,-15.87
894,29.83,red,observed,1.0,16.19,,red,1,19.13,0,-16.19
897,29.93,red,observed,1.0,15.96,,red,1,19.63,0,-15.96
900,30.03,red,observed,1.0,16.28,,red,1,18.91,0,-16.28
903,30.13,red,observed,1.0,16.09,,red,1,18.98,0,-16.09
906,30.23,red,observed,1.0,15.96,,red,1,18.91,0,-15.96
909,30.33,red,observed,1.0,16.25,,red,1,19.13,0,-16.25
912,30.43,red,observed,1.0,16.09,,red,1,19.06,0,-16.09
915,30.53,red,observed,1.0,16.12,,red,1,19.21,0,-16.12
918,30.631,red,observed,1.0,16.47,,red,1,19.4,0,-16.47
921,30.731,red,observed,1.0,16.06,,red,1,19.17,0,-16.06
924,30.831,red,observed,1.0,16.12,,red,1,19.21,0,-16.12
927,30.931,red,observed,1.0,16.03,,red,1,18.75,0,-16.03
930,31.031,red,observed,1.0,16.06,,red,1,19.36,0,-16.06
933,31.131,red,observed,1.0,16.06,,red,1,19.7,0,-16.06
936,31.231,red,observed,1.0,16.28,,red,1,19.4,0,-16.28
939,31.331,red,observed,1.0,16.28,,red,1,19.59,0,-16.28
942,31.431,red,observed,1.0,15.96,,red,1,19.89,0,-15.96
945,31.532,red,observed,1.0,15.9,,red,1,19.02,0,-15.9
948,31.632,red,observed,1.0,16.06,,red,1,19.78,0,-16.06
951,31.732,red,observed,1.0,16.35,,red,1,19.44,0,-16.35
954,31.832,red,observed,1.0,15.65,,red,1,19.66,0,-15.65
957,31.932,red,observed,1.0,15.84,,red,1,19.25,0,-15.84
960,32.032,red,observed,1.0,15.96,,red,1,19.21,0,-15.96
963,32.132,red,observed,1.0,16.32,,red,1,19.02,0,-16.32
966,32.232,red,observed,1.0,16.32,,red,1,19.28,0,-16.32
969,32.332,red,observed,1.0,16.19,,red,1,19.25,0,-16.19
972,32.432,red,observed,1.0,15.93,,red,1,18.91,0,-15.93
975,32.532,red,observed,1.0,16.22,,red,1,18.98,0,-16.22
978,32.633,red,observed,1.0,15.81,,red,1,19.13,0,-15.81
981,32.733,red,observed,1.0,16.16,,red,1,19.32,0,-16.16
984,32.833,red,observed,1.0,16.12,,red,1,19.21,0,-16.12
987,32.933,red,observed,1.0,16.0,,red,1,19.32,0,-16.0
990,33.033,red,observed,1.0,15.71,,red,1,19.21,0,-15.71
993,33.133,red,observed,1.0,16.0,,red,1,19.55,0,-16.0
996,33.233,red,observed,1.0,16.09,,red,1,19.32,0,-16.09
999,33.333,red,observed,1.0,15.87,,red,1,19.28,0,-15.87
1002,33.433,red,observed,1.0,15.84,,red,1,19.82,0,-15.84
1005,33.534,red,observed,1.0,16.22,,red,1,19.44,0,-16.22
1008,33.634,red,observed,1.0,16.06,,red,1,19.36,0,-16.06
1011,33.734,red,observed,1.0,16.03,,red,1,19.66,0,-16.03
1014,33.834,red,observed,1.0,16.32,,red,1,19.63,0,-16.32
1017,33.934,red,observed,1.0,15.87,,red,1,19.21,0,-15.87
1020,34.034,red,observed,1.0,16.57,,red,1,19.44,0,-16.57
1023,34.134,red,observed,1.0,15.93,,red,1,19.66,0,-15.93
1026,34.234,red,observed,1.0,16.22,,red,1,19.4,0,-16.22
1029,34.334,red,observed,1.0,16.16,,red,1,19.36,0,-16.16
1032,34.434,red,observed,1.0,16.16,,red,1,19.32,0,-16.16
1035,34.534,green,observed,1.0,14.91,,green,0,-15.72,1,14.91
1038,34.635,green,observed,1.0,15.26,,green,0,-19.78,1,15.26
1041,34.735,green,observed,1.0,15.3,,green,0,-20.61,1,15.3
1044,34.835,green,observed,1.0,14.63,,green,0,-20.84,1,14.63
1047,34.935,green,observed,1.0,14.75,,green,0,-20.46,1,14.75
1050,35.035,green,observed,1.0,15.14,,green,0,-20.46,1,15.14
1053,35.135,green,observed,1.0,14.91,,green,0,-20.35,1,14.91
1056,35.235,green,observed,1.0,14.91,,green,0,-20.8,1,14.91
1059,35.335,green,observed,1.0,14.91,,green,0,-20.08,1,14.91
1062,35.435,green,observed,1.0,14.75,,green,0,-20.31,1,14.75
1065,35.536,green,observed,1.0,14.5,,green,0,-20.91,1,14.5
1068,35.636,green,observed,1.0,14.72,,green,0,-20.61,1,14.72
1071,35.736,green,observed,1.0,14.75,,green,0,-20.95,1,14.75
1074,35.836,green,observed,1.0,14.59,,green,0,-20.88,1,14.59
1077,35.936,green,observed,1.0,14.75,,green,0,-20.69,1,14.75
1080,36.036,green,observed,1.0,14.47,,green,0,-20.57,1,14.47
1083,36.136,green,observed,1.0,14.18,,green,0,-20.72,1,14.18
1086,36.236,green,observed,1.0,14.59,,green,0,-20.69,1,14.59
1089,36.336,green,observed,1.0,14.63,,green,0,-20.76,1,14.63
1092,36.436,green,observed,1.0,14.47,,green,0,-20.16,1,14.47
1095,36.537,green,observed,1.0,14.53,,green,0,-20.69,1,14.53
1098,36.637,green,observed,1.0,14.37,,green,0,-20.46,1,14.37
1101,36.737,green,observed,1.0,14.28,,green,0,-20.91,1,14.28
1104,36.837,green,observed,1.0,14.72,,green,0,-21.07,1,14.72
1107,36.937,green,observed,1.0,14.66,,green,0,-20.76,1,14.66
1110,37.037,green,observed,1.0,14.47,,green,0,-20.69,1,14.47
1113,37.137,green,observed,1.0,14.75,,green,0,-20.72,1,14.75
1116,37.237,green,observed,1.0,14.5,,green,0,-20.69,1,14.5
1119,37.337,green,observed,1.0,14.66,,green,0,-20.8,1,14.66
1122,37.437,green,observed,1.0,14.47,,green,0,-20.61,1,14.47
1125,37.538,green,observed,1.0,14.4,,green,0,-20.53,1,14.4
1128,37.638,green,observed,1.0,14.56,,green,0,-20.84,1,14.56
1131,37.738,green,observed,1.0,14.98,,green,0,-20.99,1,14.98
1134,37.838,green,observed,1.0,14.5,,green,0,-20.38,1,14.5
1137,37.938,green,observed,1.0,14.69,,green,0,-20.76,1,14.69
1140,38.038,green,observed,1.0,14.79,,green,0,-20.35,1,14.79
1143,38.138,green,observed,1.0,14.88,,green,0,-20.65,1,14.88
1146,38.238,green,observed,1.0,15.01,,green,0,-20.91,1,15.01
1149,38.338,green,observed,1.0,14.75,,green,0,-20.46,1,14.75
1152,38.438,green,observed,1.0,15.01,,green,0,-20.76,1,15.01
1155,38.538,green,observed,1.0,14.94,,green,0,-20.65,1,14.94
1158,38.639,green,observed,1.0,14.98,,green,0,-20.5,1,14.98
1161,38.739,green,observed,1.0,14.88,,green,0,-20.95,1,14.88
1164,38.839,green,observed,1.0,15.04,,green,0,-20.88,1,15.04
1167,38.939,green,observed,1.0,15.36,,green,0,-20.91,1,15.36
1170,39.039,green,observed,1.0,15.2,,green,0,-20.69,1,15.2
1173,39.139,green,observed,1.0,15.01,,green,0,-20.69,1,15.01
1176,39.239,green,observed,1.0,15.74,,green,0,-20.46,1,15.74
1179,39.339,green,observed,1.0,14.91,,green,0,-20.69,1,14.91
1182,39.439,green,observed,1.0,15.39,,green,0,-20.88,1,15.39
1185,39.54,green,observed,1.0,15.2,,green,0,-20.53,1,15.2
1188,39.64,green,observed,1.0,15.36,,green,0,-20.65,1,15.36
1191,39.74,green,observed,1.0,15.23,,green,0,-20.65,1,15.23
1194,39.84,green,observed,1.0,15.65,,green,0,-20.69,1,15.65
1197,39.94,green,observed,1.0,15.2,,green,0,-20.84,1,15.2
1200,40.04,green,observed,1.0,15.33,,green,0,-20.46,1,15.33
1203,40.14,green,observed,1.0,15.17,,green,0,-20.72,1,15.17
1206,40.24,green,observed,1.0,15.26,,green,0,-20.88,1,15.26
1209,40.34,green,observed,1.0,15.42,,green,0,-20.23,1,15.42
1212,40.44,green,observed,1.0,15.2,,green,0,-20.72,1,15.2
1215,40.54,green,observed,1.0,15.61,,green,0,-20.53,1,15.61
1218,40.641,green,observed,1.0,15.39,,green,0,-20.69,1,15.39
1221,40.741,green,observed,1.0,15.77,,green,0,-20.72,1,15.77
1224,40.841,green,observed,1.0,15.68,,green,0,-21.03,1,15.68
1227,40.941,green,observed,1.0,15.42,,green,0,-20.72,1,15.42
1230,41.041,green,observed,1.0,15.42,,green,0,-20.53,1,15.42
1233,41.141,green,observed,1.0,15.55,,green,0,-20.91,1,15.55
1236,41.241,green,observed,1.0,15.01,,green,0,-20.65,1,15.01
1239,41.341,green,observed,1.0,15.1,,green,0,-20.31,1,15.1
1242,41.441,green,observed,1.0,15.52,,green,0,-20.76,1,15.52
1245,41.542,green,observed,1.0,14.94,,green,0,-20.69,1,14.94
1248,41.642,green,observed,1.0,15.33,,green,0,-20.76,1,15.33
1251,41.742,green,observed,1.0,15.45,,green,0,-20.76,1,15.45
1254,41.842,green,observed,1.0,15.23,,green,0,-20.72,1,15.23
1257,41.942,green,observed,1.0,14.91,,green,0,-21.1,1,14.91
1260,42.042,green,observed,1.0,15.45,,green,0,-20.91,1,15.45
1263,42.142,green,observed,1.0,14.75,,green,0,-20.76,1,14.75
1266,42.242,green,observed,1.0,15.36,,green,0,-20.69,1,15.36
1269,42.342,green,observed,1.0,15.17,,green,0,-20.31,1,15.17
1272,42.442,green,observed,1.0,14.88,,green,0,-21.07,1,14.88
1275,42.543,green,observed,1.0,15.04,,green,0,-20.57,1,15.04
1278,42.643,green,observed,1.0,14.85,,green,0,-20.65,1,14.85
1281,42.743,green,observed,1.0,14.72,,green,0,-20.91,1,14.72
1284,42.843,green,observed,1.0,14.53,,green,0,-20.88,1,14.53
1287,42.943,green,observed,1.0,14.88,,green,0,-20.84,1,14.88
1290,43.043,green,observed,1.0,14.63,,green,0,-20.8,1,14.63
1293,43.143,green,observed,1.0,14.88,,green,0,-20.8,1,14.88
1296,43.243,green,observed,1.0,14.66,,green,0,-20.88,1,14.66
1299,43.343,green,observed,1.0,14.94,,green,0,-20.88,1,14.94
1302,43.443,green,observed,1.0,14.88,,green,0,-20.69,1,14.88
1305,43.544,green,observed,1.0,14.88,,green,0,-20.95,1,14.88
1308,43.644,green,observed,1.0,14.91,,green,0,-20.57,1,14.91
1311,43.744,green,observed,1.0,14.69,,green,0,-20.95,1,14.69
1314,43.844,green,observed,1.0,14.98,,green,0,-21.14,1,14.98
1317,43.944,green,observed,1.0,15.07,,green,0,-20.61,1,15.07
1320,44.044,green,observed,1.0,15.04,,green,0,-20.65,1,15.04
1323,44.144,green,observed,1.0,15.33,,green,0,-20.99,1,15.33
1326,44.244,green,observed,1.0,15.17,,green,0,-20.46,1,15.17
1329,44.344,green,observed,1.0,15.42,,green,0,-20.38,1,15.42
1332,44.444,green,observed,1.0,15.49,,green,0,-20.35,1,15.49
1335,44.544,green,observed,1.0,15.71,,green,0,-20.57,1,15.71
1338,44.645,green,observed,1.0,15.3,,green,0,-20.84,1,15.3
1341,44.745,green,observed,1.0,15.23,,green,0,-20.5,1,15.23
1344,44.845,green,observed,1.0,15.26,,green,0,-20.46,1,15.26
1347,44.945,green,observed,1.0,15.42,,green,0,-20.65,1,15.42
1350,45.045,green,observed,1.0,15.52,,green,0,-20.53,1,15.52
1353,45.145,green,observed,1.0,15.36,,green,0,-20.35,1,15.36
1356,45.245,green,observed,1.0,15.65,,green,0,-20.5,1,15.65
1359,45.345,green,observed,1.0,15.23,,green,0,-20.42,1,15.23
1362,45.445,green,observed,1.0,15.26,,green,0,-21.22,1,15.26
1365,45.546,green,observed,1.0,15.3,,green,0,-20.69,1,15.3
1368,45.646,green,observed,1.0,15.36,,green,0,-21.22,1,15.36
1371,45.746,green,observed,1.0,15.3,,green,0,-20.69,1,15.3
1374,45.846,green,observed,1.0,15.3,,green,0,-20.95,1,15.3
1377,45.946,green,observed,1.0,15.42,,green,0,-21.14,1,15.42
1380,46.046,green,observed,1.0,15.3,,green,0,-21.18,1,15.3
1383,46.146,green,observed,1.0,15.55,,green,0,-21.22,1,15.55
1386,46.246,green,observed,1.0,15.26,,green,0,-20.8,1,15.26
1389,46.346,green,observed,1.0,15.2,,green,0,-20.5,1,15.2
1392,46.446,green,observed,1.0,16.0,,green,0,-20.27,1,16.0
1395,46.546,green,observed,1.0,16.19,,green,0,-20.35,1,16.19
1398,46.647,green,observed,1.0,15.68,,green,0,-20.84,1,15.68
1401,46.747,green,observed,1.0,15.61,,green,0,-21.03,1,15.61
1404,46.847,green,observed,1.0,15.49,,green,0,-20.57,1,15.49
1407,46.947,green,observed,1.0,15.49,,green,0,-20.5,1,15.49
1410,47.047,green,observed,1.0,15.04,,green,0,-20.46,1,15.04
1413,47.147,green,observed,1.0,16.06,,green,0,-20.88,1,16.06
1416,47.247,green,observed,1.0,16.51,,green,0,-20.72,1,16.51
1419,47.347,green,observed,1.0,16.41,,green,0,-20.46,1,16.41
1422,47.447,green,observed,1.0,16.32,,green,0,-20.38,1,16.32
1425,47.548,green,observed,1.0,15.68,,green,0,-20.8,1,15.68
1428,47.648,green,observed,1.0,15.55,,green,0,-20.72,1,15.55
1431,47.748,green,observed,1.0,16.0,,green,0,-20.57,1,16.0
1434,47.848,green,observed,1.0,15.96,,green,0,-20.72,1,15.96
1437,47.948,green,observed,1.0,16.0,,green,0,-20.72,1,16.0
1440,48.048,green,observed,1.0,16.03,,green,0,-20.65,1,16.03
1443,48.148,green,observed,1.0,16.06,,green,0,-20.72,1,16.06
1446,48.248,green,observed,1.0,15.61,,green,0,-20.35,1,15.61
1449,48.348,green,observed,1.0,15.52,,green,0,-20.69,1,15.52
1452,48.448,green,observed,1.0,16.0,,green,0,-20.31,1,16.0
1455,48.549,green,observed,1.0,15.93,,green,0,-20.57,1,15.93
1458,48.649,green,observed,1.0,16.16,,green,0,-20.5,1,16.16
1461,48.749,green,observed,1.0,16.54,,green,0,-20.76,1,16.54
1464,48.849,green,observed,1.0,16.12,,green,0,-20.69,1,16.12
1467,48.949,green,observed,1.0,16.03,,green,0,-20.84,1,16.03
1470,49.049,green,observed,1.0,15.14,,green,0,-20.5,1,15.14
1473,49.149,green,observed,1.0,15.26,,green,0,-21.03,1,15.26
1476,49.249,green,observed,1.0,15.65,,green,0,-20.27,1,15.65
1479,49.349,green,observed,1.0,15.77,,green,0,-20.57,1,15.77
1482,49.449,green,observed,1.0,16.03,,green,0,-20.61,1,16.03
1485,49.55,green,observed,1.0,15.93,,green,0,-20.53,1,15.93
1488,49.65,green,observed,1.0,15.36,,green,0,-20.65,1,15.36
1491,49.75,green,observed,1.0,16.51,,green,0,-20.99,1,16.51
1494,49.85,green,observed,1.0,15.39,,green,0,-21.1,1,15.39
1497,49.95,green,observed,1.0,15.74,,green,0,-21.18,1,15.74
1500,50.05,green,observed,1.0,15.77,,green,0,-20.53,1,15.77
1503,50.15,green,observed,1.0,15.65,,green,0,-20.99,1,15.65
1506,50.25,green,observed,1.0,15.93,,green,0,-20.65,1,15.93
1509,50.35,green,observed,1.0,15.84,,green,0,-20.76,1,15.84
1512,50.45,green,observed,1.0,15.49,,green,0,-20.65,1,15.49
1515,50.55,green,observed,1.0,15.26,,green,0,-20.65,1,15.26
1518,50.651,green,observed,1.0,15.58,,green,0,-20.88,1,15.58
1521,50.751,green,observed,1.0,16.19,,green,0,-20.72,1,16.19
1524,50.851,green,observed,1.0,15.81,,green,0,-20.72,1,15.81
1527,50.951,green,observed,1.0,15.61,,green,0,-20.46,1,15.61
1530,51.051,green,observed,1.0,14.75,,green,0,-21.14,1,14.75
1533,51.151,green,observed,1.0,15.1,,green,0,-20.88,1,15.1
1536,51.251,green,observed,1.0,15.1,,green,0,-20.53,1,15.1
1539,51.351,green,observed,1.0,15.07,,green,0,-20.76,1,15.07
1542,51.451,green,observed,1.0,15.04,,green,0,-21.14,1,15.04
1545,51.552,green,observed,1.0,15.1,,green,0,-20.88,1,15.1
1548,51.652,green,observed,1.0,15.58,,green,0,-20.65,1,15.58
1551,51.752,green,observed,1.0,15.58,,green,0,-20.65,1,15.58
1554,51.852,green,observed,1.0,15.23,,green,0,-20.35,1,15.23
1557,51.952,green,observed,1.0,15.3,,green,0,-20.61,1,15.3
1560,52.052,green,observed,1.0,15.17,,green,0,-20.72,1,15.17
1563,52.152,green,observed,1.0,15.33,,green,0,-20.8,1,15.33
1566,52.252,green,observed,1.0,15.55,,green,0,-20.91,1,15.55
1569,52.352,green,observed,1.0,15.17,,green,0,-20.72,1,15.17
1572,52.452,green,observed,1.0,15.36,,green,0,-20.69,1,15.36
1575,52.552,green,observed,1.0,15.14,,green,0,-21.03,1,15.14
1578,52.653,green,observed,1.0,15.71,,green,0,-20.61,1,15.71
1581,52.753,green,observed,1.0,15.74,,green,0,-20.53,1,15.74
1584,52.853,green,observed,1.0,15.2,,green,0,-20.88,1,15.2
1587,52.953,green,observed,1.0,15.52,,green,0,-21.07,1,15.52
1590,53.053,green,observed,1.0,15.17,,green,0,-20.69,1,15.17
1593,53.153,green,observed,1.0,15.23,,green,0,-20.61,1,15.23
1596,53.253,green,observed,1.0,15.33,,green,0,-20.35,1,15.33
1599,53.353,green,observed,1.0,15.3,,green,0,-20.38,1,15.3
1602,53.453,green,observed,1.0,15.33,,green,0,-20.5,1,15.33
1605,53.554,green,observed,1.0,15.2,,green,0,-20.46,1,15.2
1608,53.654,green,observed,1.0,15.55,,green,0,-20.46,1,15.55
1611,53.754,green,observed,1.0,15.74,,green,0,-20.53,1,15.74
1614,53.854,green,observed,1.0,15.49,,green,0,-20.5,1,15.49
1617,53.954,green,observed,1.0,15.26,,green,0,-20.23,1,15.26
1620,54.054,green,observed,1.0,15.71,,green,0,-20.8,1,15.71
1623,54.154,green,observed,1.0,15.68,,green,0,-20.88,1,15.68
1626,54.254,green,observed,1.0,15.65,,green,0,-21.1,1,15.65
1629,54.354,green,observed,1.0,15.84,,green,0,-20.61,1,15.84
1632,54.454,green,observed,1.0,15.87,,green,0,-20.8,1,15.87
1635,54.555,green,observed,1.0,15.9,,green,0,-20.84,1,15.9
1638,54.655,green,observed,1.0,16.25,,green,0,-20.91,1,16.25
1641,54.755,green,observed,1.0,15.96,,green,0,-20.46,1,15.96
1644,54.855,green,observed,1.0,16.28,,green,0,-20.5,1,16.28
1647,54.955,green,observed,1.0,16.09,,green,0,-20.61,1,16.09
1650,55.055,green,observed,1.0,16.54,,green,0,-21.03,1,16.54
1653,55.155,green,observed,1.0,16.51,,green,0,-20.95,1,16.51
1656,55.255,green,observed,1.0,15.96,,green,0,-20.46,1,15.96
1659,55.355,green,observed,1.0,15.87,,green,0,-21.07,1,15.87
1662,55.455,green,observed,1.0,16.16,,green,0,-21.03,1,16.16
1665,55.556,green,observed,1.0,16.06,,green,0,-20.95,1,16.06
1668,55.656,green,observed,1.0,16.22,,green,0,-20.46,1,16.22
1671,55.756,green,observed,1.0,16.16,,green,0,-20.5,1,16.16
1674,55.856,green,observed,1.0,16.57,,green,0,-21.03,1,16.57
1677,55.956,green,observed,1.0,16.89,,green,0,-20.72,1,16.89
1680,56.056,green,observed,1.0,16.67,,green,0,-20.88,1,16.67
1683,56.156,green,observed,1.0,16.73,,green,0,-20.5,1,16.73
1686,56.256,green,observed,1.0,16.83,,green,0,-20.5,1,16.83
1689,56.356,green,observed,1.0,16.73,,green,0,-20.91,1,16.73
1692,56.456,green,observed,1.0,16.83,,green,0,-20.69,1,16.83
1695,56.556,green,observed,1.0,16.92,,green,0,-20.76,1,16.92
1698,56.657,green,observed,1.0,16.7,,green,0,-21.56,1,16.7
1701,56.757,green,observed,1.0,17.05,,green,0,-20.99,1,17.05
1704,56.857,green,observed,1.0,17.24,,green,0,-21.07,1,17.24
1707,56.957,green,observed,1.0,17.37,,green,0,-21.29,1,17.37
1710,57.057,green,observed,1.0,17.33,,green,0,-21.1,1,17.33
1713,57.157,green,observed,1.0,17.14,,green,0,-20.69,1,17.14
1716,57.257,green,observed,1.0,16.76,,green,0,-20.95,1,16.76
1719,57.357,green,observed,1.0,16.73,,green,0,-21.03,1,16.73
1722,57.457,green,observed,1.0,16.86,,green,0,-20.8,1,16.86
1725,57.558,green,observed,1.0,17.43,,green,0,-20.99,1,17.43
1728,57.658,green,observed,1.0,17.18,,green,0,-21.18,1,17.18
1731,57.758,green,observed,1.0,17.21,,green,0,-20.76,1,17.21
1734,57.858,green,observed,1.0,16.73,,green,0,-20.91,1,16.73
1737,57.958,green,observed,1.0,16.73,,green,0,-20.84,1,16.73
1740,58.058,green,observed,1.0,16.73,,green,0,-21.14,1,16.73
1743,58.158,green,observed,1.0,16.7,,green,0,-21.29,1,16.7
1746,58.258,green,observed,1.0,16.86,,green,0,-21.33,1,16.86
1749,58.358,green,observed,1.0,16.79,,green,0,-21.03,1,16.79
1752,58.458,green,observed,1.0,17.02,,green,0,-20.91,1,17.02
1755,58.558,green,observed,1.0,17.05,,green,0,-21.03,1,17.05
1758,58.659,green,observed,1.0,17.46,,green,0,-21.07,1,17.46
1761,58.759,green,observed,1.0,17.18,,green,0,-21.18,1,17.18
1764,58.859,green,observed,1.0,17.18,,green,0,-21.22,1,17.18
1767,58.959,green,observed,1.0,16.92,,green,0,-21.14,1,16.92
1770,59.059,green,observed,1.0,17.53,,green,0,-20.57,1,17.53
1773,59.159,green,observed,1.0,17.37,,green,0,-20.88,1,17.37
1776,59.259,green,observed,1.0,17.43,,green,0,-20.88,1,17.43
1779,59.359,green,observed,1.0,16.98,,green,0,-21.03,1,16.98
1782,59.459,green,observed,1.0,17.4,,green,0,-21.03,1,17.4
1785,59.56,green,observed,1.0,17.27,,green,0,-21.22,1,17.27
1788,59.66,green,observed,1.0,17.56,,green,0,-21.52,1,17.56
1791,59.76,green,observed,1.0,17.62,,green,0,-21.37,1,17.62
1794,59.86,green,observed,1.0,17.37,,green,0,-21.22,1,17.37
1797,59.96,green,observed,1.0,17.49,,green,0,-21.33,1,17.49
1800,60.06,green,observed,1.0,17.49,,green,0,-20.99,1,17.49
1803,60.16,green,observed,1.0,17.08,,green,0,-20.95,1,17.08
1806,60.26,green,observed,1.0,17.33,,green,0,-21.25,1,17.33
1809,60.36,green,observed,1.0,17.27,,green,0,-21.1,1,17.27
1812,60.46,green,observed,1.0,17.81,,green,0,-21.29,1,17.81
1815,60.56,green,observed,1.0,17.49,,green,0,-21.14,1,17.49
1818,60.661,green,observed,1.0,17.14,,green,0,-20.61,1,17.14
1821,60.761,green,observed,1.0,17.4,,green,0,-21.18,1,17.4
1824,60.861,green,observed,1.0,17.88,,green,0,-21.25,1,17.88
1827,60.961,green,observed,1.0,17.56,,green,0,-20.76,1,17.56
1830,61.061,green,observed,1.0,17.24,,green,0,-20.84,1,17.24
1833,61.161,green,observed,1.0,17.08,,green,0,-20.91,1,17.08
1836,61.261,green,observed,1.0,17.05,,green,0,-21.03,1,17.05
1839,61.361,green,observed,1.0,17.11,,green,0,-21.25,1,17.11
1842,61.461,green,observed,1.0,17.05,,green,0,-20.91,1,17.05
1845,61.562,green,observed,1.0,16.7,,green,0,-21.1,1,16.7
1848,61.662,green,observed,1.0,16.6,,green,0,-20.88,1,16.6
1851,61.762,green,observed,1.0,17.02,,green,0,-20.8,1,17.02
1854,61.862,green,observed,1.0,16.89,,green,0,-21.41,1,16.89
1857,61.962,green,observed,1.0,17.18,,green,0,-21.29,1,17.18
1860,62.062,green,observed,1.0,16.79,,green,0,-21.33,1,16.79
1863,62.162,green,observed,1.0,16.32,,green,0,-21.14,1,16.32
1866,62.262,green,observed,1.0,17.05,,green,0,-21.25,1,17.05
1869,62.362,green,observed,1.0,16.89,,green,0,-21.07,1,16.89
1872,62.462,green,observed,1.0,16.67,,green,0,-21.07,1,16.67
1875,62.562,green,observed,1.0,16.86,,green,0,-21.48,1,16.86
1878,62.663,green,observed,1.0,17.02,,green,0,-20.84,1,17.02
1881,62.763,green,observed,1.0,17.24,,green,0,-21.1,1,17.24
1884,62.863,green,observed,1.0,17.02,,green,0,-20.88,1,17.02
1887,62.963,green,observed,1.0,16.95,,green,0,-21.18,1,16.95
1890,63.063,green,observed,1.0,16.54,,green,0,-20.76,1,16.54
1893,63.163,green,observed,1.0,16.86,,green,0,-20.69,1,16.86
1896,63.263,green,observed,1.0,16.7,,green,0,-21.22,1,16.7
1899,63.363,green,observed,1.0,16.79,,green,0,-21.18,1,16.79
1902,63.463,green,observed,1.0,16.76,,green,0,-20.61,1,16.76
1905,63.564,green,observed,1.0,16.79,,green,0,-20.91,1,16.79
1908,63.664,green,observed,1.0,16.92,,green,0,-20.84,1,16.92
1911,63.764,green,observed,1.0,16.95,,green,0,-20.31,1,16.95
1914,63.864,green,observed,1.0,17.02,,green,0,-20.99,1,17.02
1917,63.964,green,observed,1.0,17.27,,green,0,-20.88,1,17.27
1920,64.064,green,observed,1.0,17.11,,green,0,-20.84,1,17.11
1923,64.164,green,observed,1.0,17.14,,green,0,-20.91,1,17.14
1926,64.264,green,observed,1.0,17.21,,green,0,-20.42,1,17.21
1929,64.364,green,observed,1.0,17.4,,green,0,-21.07,1,17.4
1932,64.464,green,observed,1.0,17.37,,green,0,-20.91,1,17.37
1935,64.564,green,observed,1.0,17.62,,green,0,-20.72,1,17.62
1938,64.665,green,observed,1.0,17.84,,green,0,-21.48,1,17.84
1941,64.765,green,observed,1.0,17.91,,green,0,-20.95,1,17.91
1944,64.865,green,observed,1.0,17.53,,green,0,-20.8,1,17.53
1947,64.965,green,observed,1.0,17.49,,green,0,-21.03,1,17.49
1950,65.065,green,observed,1.0,17.97,,green,0,-20.46,1,17.97
1953,65.165,green,observed,1.0,17.65,,green,0,-20.76,1,17.65
1956,65.265,green,observed,1.0,17.88,,green,0,-20.99,1,17.88
1959,65.365,green,observed,1.0,17.72,,green,0,-20.72,1,17.72
1962,65.465,green,observed,1.0,17.62,,green,0,-20.8,1,17.62
1965,65.566,green,observed,1.0,18.0,,green,0,-20.69,1,18.0
1968,65.666,green,observed,1.0,17.81,,green,0,-21.1,1,17.81
1971,65.766,green,observed,1.0,18.04,,green,0,-20.99,1,18.04
1974,65.866,green,observed,1.0,17.65,,green,0,-21.07,1,17.65
1977,65.966,green,observed,1.0,17.78,,green,0,-21.48,1,17.78
1980,66.066,green,observed,1.0,17.65,,green,0,-21.29,1,17.65
1983,66.166,green,observed,1.0,18.04,,green,0,-21.44,1,18.04
1986,66.266,green,observed,1.0,18.71,,green,0,-21.63,1,18.71
1989,66.366,green,observed,1.0,18.77,,green,0,-20.76,1,18.77
1992,66.466,dark,low_confidence,0.351,0.7,lamp_near_threshold,green_flash,0,-21.14,0,-0.7
1995,66.566,green_blink,observed,1.0,15.39,,green_flash,0,-20.84,0,-15.39
1998,66.667,green_blink,observed,1.0,15.68,,green_flash,0,-20.99,0,-15.68
2001,66.767,green_blink,observed,1.0,15.55,,green_flash,0,-21.22,0,-15.55
2004,66.867,green_blink,observed,1.0,15.68,,green_flash,0,-20.72,0,-15.68
2007,66.967,green_blink,observed,1.0,18.74,,green,0,-21.33,1,18.74
2010,67.067,green_blink,observed,1.0,17.91,,green,0,-21.41,1,17.91
2013,67.167,green_blink,observed,1.0,18.04,,green,0,-20.91,1,18.04
2016,67.267,green_blink,observed,1.0,18.45,,green,0,-21.18,1,18.45
2019,67.367,green_blink,observed,1.0,18.04,,green,0,-21.29,1,18.04
2022,67.467,green_blink,observed,1.0,2.33,,green_flash,0,-21.18,0,-2.33
2025,67.568,green_blink,observed,1.0,15.45,,green_flash,0,-20.72,0,-15.45
2028,67.668,green_blink,observed,1.0,15.68,,green_flash,0,-20.72,0,-15.68
2031,67.768,green_blink,observed,1.0,15.9,,green_flash,0,-20.95,0,-15.9
2034,67.868,green_blink,observed,1.0,16.0,,green_flash,0,-20.5,0,-16.0
2037,67.968,green_blink,observed,1.0,19.34,,green,0,-21.07,1,19.34
2040,68.068,green_blink,observed,1.0,18.39,,green,0,-21.22,1,18.39
2043,68.168,green_blink,observed,1.0,18.61,,green,0,-21.03,1,18.61
2046,68.268,green_blink,observed,1.0,17.97,,green,0,-21.33,1,17.97
2049,68.368,green_blink,observed,1.0,17.69,,green,0,-21.14,1,17.69
2052,68.468,green_blink,observed,1.0,2.9,,green_flash,0,-21.03,0,-2.9
2055,68.568,green_blink,observed,1.0,15.61,,green_flash,0,-20.88,0,-15.61
2058,68.669,green_blink,observed,1.0,15.87,,green_flash,0,-21.41,0,-15.87
2061,68.769,green_blink,observed,1.0,15.87,,green_flash,0,-21.07,0,-15.87
2064,68.869,green_blink,observed,1.0,15.65,,green_flash,0,-20.76,0,-15.65
2067,68.969,green_blink,observed,1.0,19.02,,green,0,-20.84,1,19.02
2070,69.069,green_blink,observed,1.0,18.1,,green,0,-20.38,1,18.1
2073,69.169,green_blink,observed,1.0,18.32,,green,0,-20.72,1,18.32
2076,69.269,green_blink,observed,1.0,18.99,,green,0,-20.57,1,18.99
2079,69.369,green_blink,observed,1.0,18.9,,green,0,-20.69,1,18.9
2082,69.469,red,observed,1.0,4.33,,red,1,21.07,0,-4.33
2085,69.57,red,observed,1.0,15.68,,red,1,20.88,0,-15.68
2088,69.67,red,observed,1.0,16.16,,red,1,22.32,0,-16.16
2091,69.77,red,observed,1.0,15.87,,red,1,21.1,0,-15.87
2094,69.87,red,observed,1.0,16.12,,red,1,21.33,0,-16.12
2097,69.97,red,observed,1.0,15.93,,red,1,21.29,0,-15.93
2100,70.07,red,observed,1.0,16.28,,red,1,21.37,0,-16.28
2103,70.17,red,observed,1.0,16.22,,red,1,22.24,0,-16.22
2106,70.27,red,observed,1.0,16.47,,red,1,20.95,0,-16.47
2109,70.37,red,observed,1.0,16.0,,red,1,21.41,0,-16.0
2112,70.47,red,observed,1.0,15.81,,red,1,21.25,0,-15.81
2115,70.57,red,observed,1.0,15.87,,red,1,21.63,0,-15.87
2118,70.671,red,observed,1.0,16.0,,red,1,21.48,0,-16.0
2121,70.771,red,observed,1.0,15.81,,red,1,21.9,0,-15.81
2124,70.871,red,observed,1.0,15.71,,red,1,21.44,0,-15.71
2127,70.971,red,observed,1.0,15.81,,red,1,21.79,0,-15.81
2130,71.071,red,observed,1.0,15.81,,red,1,21.1,0,-15.81
2133,71.171,red,observed,1.0,16.32,,red,1,21.25,0,-16.32
2136,71.271,red,observed,1.0,15.93,,red,1,21.75,0,-15.93
2139,71.371,red,observed,1.0,16.0,,red,1,21.75,0,-16.0
2142,71.471,red,observed,1.0,16.0,,red,1,21.37,0,-16.0
2145,71.572,red,observed,1.0,16.22,,red,1,21.56,0,-16.22
2148,71.672,red,observed,1.0,16.06,,red,1,21.48,0,-16.06
2151,71.772,red,observed,1.0,15.84,,red,1,21.67,0,-15.84
2154,71.872,red,observed,1.0,16.16,,red,1,21.97,0,-16.16
2157,71.972,red,observed,1.0,16.03,,red,1,21.33,0,-16.03
2160,72.072,red,observed,1.0,15.9,,red,1,21.79,0,-15.9
2163,72.172,red,observed,1.0,15.96,,red,1,21.52,0,-15.96
2166,72.272,red,observed,1.0,16.22,,red,1,21.56,0,-16.22
2169,72.372,red,observed,1.0,15.96,,red,1,21.75,0,-15.96
2172,72.472,red,observed,1.0,15.71,,red,1,21.63,0,-15.71
2175,72.572,red,observed,1.0,15.81,,red,1,21.14,0,-15.81
2178,72.673,red,observed,1.0,16.09,,red,1,22.32,0,-16.09
2181,72.773,red,observed,1.0,15.96,,red,1,21.6,0,-15.96
2184,72.873,red,observed,1.0,15.96,,red,1,21.6,0,-15.96
2187,72.973,red,observed,1.0,16.12,,red,1,21.71,0,-16.12
2190,73.073,red,observed,1.0,16.22,,red,1,21.6,0,-16.22
2193,73.173,red,observed,1.0,16.22,,red,1,21.56,0,-16.22
2196,73.273,red,observed,1.0,16.51,,red,1,20.95,0,-16.51
2199,73.373,red,observed,1.0,16.32,,red,1,21.29,0,-16.32
2202,73.473,red,observed,1.0,16.0,,red,1,21.18,0,-16.0
2205,73.574,red,observed,1.0,15.93,,red,1,21.9,0,-15.93
2208,73.674,red,observed,1.0,16.09,,red,1,21.52,0,-16.09
2211,73.774,red,observed,1.0,16.32,,red,1,21.6,0,-16.32
2214,73.874,red,observed,1.0,16.32,,red,1,21.37,0,-16.32
2217,73.974,red,observed,1.0,16.41,,red,1,21.52,0,-16.41
2220,74.074,red,observed,1.0,16.0,,red,1,21.67,0,-16.0
2223,74.174,red,observed,1.0,16.12,,red,1,21.82,0,-16.12
2226,74.274,red,observed,1.0,15.93,,red,1,21.75,0,-15.93
2229,74.374,red,observed,1.0,16.22,,red,1,21.97,0,-16.22
2232,74.474,red,observed,1.0,16.0,,red,1,21.63,0,-16.0
2235,74.574,red,observed,1.0,16.44,,red,1,21.79,0,-16.44
2238,74.675,red,observed,1.0,16.35,,red,1,21.6,0,-16.35
2241,74.775,red,observed,1.0,16.0,,red,1,22.09,0,-16.0
2244,74.875,red,observed,1.0,15.84,,red,1,21.41,0,-15.84
2247,74.975,red,observed,1.0,15.93,,red,1,21.6,0,-15.93
2250,75.075,red,observed,1.0,16.16,,red,1,21.44,0,-16.16
2253,75.175,red,observed,1.0,16.35,,red,1,21.48,0,-16.35
2256,75.275,red,observed,1.0,16.0,,red,1,21.52,0,-16.0
2259,75.375,red,observed,1.0,16.25,,red,1,21.67,0,-16.25
2262,75.475,red,observed,1.0,16.28,,red,1,21.48,0,-16.28
2265,75.576,red,observed,1.0,16.19,,red,1,21.33,0,-16.19
2268,75.676,red,observed,1.0,15.81,,red,1,21.97,0,-15.81
2271,75.776,red,observed,1.0,16.32,,red,1,21.71,0,-16.32
2274,75.876,red,observed,1.0,16.19,,red,1,22.01,0,-16.19
2277,75.976,red,observed,1.0,15.9,,red,1,22.05,0,-15.9
2280,76.076,red,observed,1.0,16.22,,red,1,22.35,0,-16.22
2283,76.176,red,observed,1.0,16.38,,red,1,22.2,0,-16.38
2286,76.276,red,observed,1.0,16.32,,red,1,22.47,0,-16.32
2289,76.376,red,observed,1.0,16.16,,red,1,21.94,0,-16.16
2292,76.476,red,observed,1.0,16.09,,red,1,22.05,0,-16.09
2295,76.576,red,observed,1.0,16.09,,red,1,21.94,0,-16.09
2298,76.677,red,observed,1.0,15.93,,red,1,21.63,0,-15.93
2301,76.777,red,observed,1.0,16.03,,red,1,21.52,0,-16.03
2304,76.877,red,observed,1.0,16.47,,red,1,21.56,0,-16.47
2307,76.977,red,observed,1.0,16.41,,red,1,21.71,0,-16.41
2310,77.077,red,observed,1.0,16.51,,red,1,21.48,0,-16.51
2313,77.177,red,observed,1.0,16.28,,red,1,21.56,0,-16.28
2316,77.277,red,observed,1.0,16.09,,red,1,22.09,0,-16.09
2319,77.377,red,observed,1.0,16.0,,red,1,22.54,0,-16.0
2322,77.477,red,observed,1.0,16.22,,red,1,22.05,0,-16.22
2325,77.578,red,observed,1.0,15.87,,red,1,22.01,0,-15.87
2328,77.678,red,observed,1.0,15.74,,red,1,22.2,0,-15.74
2331,77.778,red,observed,1.0,16.09,,red,1,22.16,0,-16.09
2334,77.878,red,observed,1.0,16.38,,red,1,22.09,0,-16.38
2337,77.978,red,observed,1.0,16.44,,red,1,22.05,0,-16.44
2340,78.078,red,observed,1.0,16.06,,red,1,21.67,0,-16.06
2343,78.178,red,observed,1.0,16.03,,red,1,21.75,0,-16.03
2346,78.278,red,observed,1.0,16.16,,red,1,21.9,0,-16.16
2349,78.378,red,observed,1.0,15.68,,red,1,21.82,0,-15.68
2352,78.478,red,observed,1.0,16.09,,red,1,21.63,0,-16.09
2355,78.578,red,observed,1.0,15.68,,red,1,21.97,0,-15.68
2358,78.679,red,observed,1.0,15.9,,red,1,21.86,0,-15.9
2361,78.779,red,observed,1.0,16.19,,red,1,21.71,0,-16.19
2364,78.879,red,observed,1.0,16.22,,red,1,21.44,0,-16.22
2367,78.979,red,observed,1.0,16.16,,red,1,21.82,0,-16.16
2370,79.079,red,observed,1.0,15.9,,red,1,22.05,0,-15.9
2373,79.179,red,observed,1.0,16.03,,red,1,21.41,0,-16.03
2376,79.279,red,observed,1.0,16.28,,red,1,21.71,0,-16.28
2379,79.379,red,observed,1.0,16.0,,red,1,22.05,0,-16.0
2382,79.479,red,observed,1.0,15.84,,red,1,22.2,0,-15.84
2385,79.58,red,observed,1.0,16.09,,red,1,22.24,0,-16.09
2388,79.68,red,observed,1.0,16.35,,red,1,22.16,0,-16.35
2391,79.78,red,observed,1.0,16.03,,red,1,22.43,0,-16.03
2394,79.88,red,observed,1.0,15.93,,red,1,22.24,0,-15.93
2397,79.98,red,observed,1.0,16.35,,red,1,21.33,0,-16.35
2400,80.08,red,observed,1.0,16.12,,red,1,21.9,0,-16.12
2403,80.18,red,observed,1.0,16.0,,red,1,21.9,0,-16.0
2406,80.28,red,observed,1.0,16.25,,red,1,22.05,0,-16.25
2409,80.38,red,observed,1.0,16.12,,red,1,21.79,0,-16.12
2412,80.48,red,observed,1.0,16.0,,red,1,22.13,0,-16.0
2415,80.58,red,observed,1.0,15.74,,red,1,22.35,0,-15.74
2418,80.681,red,observed,1.0,16.06,,red,1,22.2,0,-16.06
2421,80.781,red,observed,1.0,16.09,,red,1,22.32,0,-16.09
2424,80.881,red,observed,1.0,15.87,,red,1,21.75,0,-15.87
2427,80.981,red,observed,1.0,15.84,,red,1,21.9,0,-15.84
2430,81.081,red,observed,1.0,16.03,,red,1,21.86,0,-16.03
2433,81.181,red,observed,1.0,16.22,,red,1,21.44,0,-16.22
2436,81.281,red,observed,1.0,16.03,,red,1,22.54,0,-16.03
2439,81.381,red,observed,1.0,16.19,,red,1,21.75,0,-16.19
2442,81.481,red,observed,1.0,16.16,,red,1,21.94,0,-16.16
2445,81.582,red,observed,1.0,16.38,,red,1,22.05,0,-16.38
2448,81.682,red,observed,1.0,16.47,,red,1,21.67,0,-16.47
2451,81.782,red,observed,1.0,16.12,,red,1,21.67,0,-16.12
2454,81.882,red,observed,1.0,16.25,,red,1,21.56,0,-16.25
2457,81.982,red,observed,1.0,16.09,,red,1,21.94,0,-16.09
2460,82.082,red,observed,1.0,15.93,,red,1,22.09,0,-15.93
2463,82.182,red,observed,1.0,16.41,,red,1,21.75,0,-16.41
2466,82.282,red,observed,1.0,16.25,,red,1,21.56,0,-16.25
2469,82.382,red,observed,1.0,16.22,,red,1,22.28,0,-16.22
2472,82.482,red,observed,1.0,16.28,,red,1,21.56,0,-16.28
2475,82.582,red,observed,1.0,16.28,,red,1,21.9,0,-16.28
2478,82.683,red,observed,1.0,16.19,,red,1,21.94,0,-16.19
2481,82.783,red,observed,1.0,16.0,,red,1,21.63,0,-16.0
2484,82.883,red,observed,1.0,16.25,,red,1,21.79,0,-16.25
2487,82.983,red,observed,1.0,16.25,,red,1,21.63,0,-16.25
2490,83.083,red,observed,1.0,16.25,,red,1,21.48,0,-16.25
2493,83.183,red,observed,1.0,16.28,,red,1,21.52,0,-16.28
2496,83.283,red,observed,1.0,16.09,,red,1,21.67,0,-16.09
2499,83.383,red,observed,1.0,16.35,,red,1,21.25,0,-16.35
2502,83.483,red,observed,1.0,16.16,,red,1,21.63,0,-16.16
2505,83.584,red,observed,1.0,16.12,,red,1,21.82,0,-16.12
2508,83.684,red,observed,1.0,15.93,,red,1,21.75,0,-15.93
2511,83.784,red,observed,1.0,16.44,,red,1,21.56,0,-16.44
2514,83.884,red,observed,1.0,15.77,,red,1,22.01,0,-15.77
2517,83.984,red,observed,1.0,16.0,,red,1,21.6,0,-16.0
2520,84.084,red,observed,1.0,16.28,,red,1,22.2,0,-16.28
2523,84.184,red,observed,1.0,16.22,,red,1,21.75,0,-16.22
2526,84.284,red,observed,1.0,16.06,,red,1,21.41,0,-16.06
2529,84.384,red,observed,1.0,16.03,,red,1,21.41,0,-16.03
2532,84.484,red,observed,1.0,16.12,,red,1,21.94,0,-16.12
2535,84.584,red,observed,1.0,16.09,,red,1,21.9,0,-16.09
2538,84.685,red,observed,1.0,16.06,,red,1,21.48,0,-16.06
2541,84.785,red,observed,1.0,15.93,,red,1,21.71,0,-15.93
2544,84.885,red,observed,1.0,16.09,,red,1,21.29,0,-16.09
2547,84.985,red,observed,1.0,16.25,,red,1,22.13,0,-16.25
2550,85.085,red,observed,1.0,16.22,,red,1,21.37,0,-16.22
2553,85.185,red,observed,1.0,16.09,,red,1,21.52,0,-16.09
2556,85.285,red,observed,1.0,16.19,,red,1,21.97,0,-16.19
2559,85.385,red,observed,1.0,16.44,,red,1,21.6,0,-16.44
2562,85.485,red,observed,1.0,16.03,,red,1,21.9,0,-16.03
2565,85.586,red,observed,1.0,16.22,,red,1,21.9,0,-16.22
2568,85.686,red,observed,1.0,16.19,,red,1,21.82,0,-16.19
2571,85.786,red,observed,1.0,16.09,,red,1,22.01,0,-16.09
2574,85.886,red,observed,1.0,16.32,,red,1,21.94,0,-16.32
2577,85.986,red,observed,1.0,16.35,,red,1,22.24,0,-16.35
2580,86.086,red,observed,1.0,16.32,,red,1,21.79,0,-16.32
2583,86.186,red,observed,1.0,16.19,,red,1,21.33,0,-16.19
2586,86.286,red,observed,1.0,15.74,,red,1,21.41,0,-15.74
2589,86.386,red,observed,1.0,16.16,,red,1,21.94,0,-16.16
2592,86.486,red,observed,1.0,16.28,,red,1,21.86,0,-16.28
2595,86.586,red,observed,1.0,16.22,,red,1,21.82,0,-16.22
2598,86.687,red,observed,1.0,16.09,,red,1,21.25,0,-16.09
2601,86.787,red,observed,1.0,15.61,,red,1,21.56,0,-15.61
2604,86.887,red,observed,1.0,16.57,,red,1,21.86,0,-16.57
2607,86.987,red,observed,1.0,15.52,,red,1,21.22,0,-15.52
2610,87.087,red,observed,1.0,15.77,,red,1,20.95,0,-15.77
2613,87.187,red,observed,1.0,15.87,,red,1,21.22,0,-15.87
2616,87.287,red,observed,1.0,16.12,,red,1,22.2,0,-16.12
2619,87.387,red,observed,1.0,16.03,,red,1,22.01,0,-16.03
2622,87.487,red,observed,1.0,16.25,,red,1,21.63,0,-16.25
2625,87.588,red,observed,1.0,16.19,,red,1,21.29,0,-16.19
2628,87.688,red,observed,1.0,16.41,,red,1,21.82,0,-16.41
2631,87.788,red,observed,1.0,16.35,,red,1,21.52,0,-16.35
2634,87.888,red,observed,1.0,16.06,,red,1,21.52,0,-16.06
2637,87.988,red,observed,1.0,16.22,,red,1,21.56,0,-16.22
2640,88.088,red,observed,1.0,16.06,,red,1,22.05,0,-16.06
2643,88.188,red,observed,1.0,15.77,,red,1,21.6,0,-15.77
2646,88.288,red,observed,1.0,16.28,,red,1,22.09,0,-16.28
2649,88.388,red,observed,1.0,16.22,,red,1,21.67,0,-16.22
2652,88.488,red,observed,1.0,16.16,,red,1,22.39,0,-16.16
2655,88.588,red,observed,1.0,16.12,,red,1,21.97,0,-16.12
2658,88.689,red,observed,1.0,15.87,,red,1,21.56,0,-15.87
2661,88.789,red,observed,1.0,16.12,,red,1,21.6,0,-16.12
2664,88.889,red,observed,1.0,16.19,,red,1,21.67,0,-16.19
2667,88.989,red,observed,1.0,16.44,,red,1,21.41,0,-16.44
2670,89.089,red,observed,1.0,16.16,,red,1,21.97,0,-16.16
2673,89.189,red,observed,1.0,15.81,,red,1,22.01,0,-15.81
2676,89.289,red,observed,1.0,16.25,,red,1,22.28,0,-16.25
2679,89.389,red,observed,1.0,16.12,,red,1,21.86,0,-16.12
2682,89.489,red,observed,1.0,15.81,,red,1,21.86,0,-15.81
2685,89.59,red,observed,1.0,16.16,,red,1,21.9,0,-16.16
2688,89.69,red,observed,1.0,16.35,,red,1,22.16,0,-16.35
2691,89.79,red,observed,1.0,16.35,,red,1,21.86,0,-16.35
2694,89.89,red,observed,1.0,16.38,,red,1,21.48,0,-16.38
2697,89.99,red,observed,1.0,16.16,,red,1,21.56,0,-16.16
2700,90.09,red,observed,1.0,16.09,,red,1,21.67,0,-16.09
2703,90.19,red,observed,1.0,16.0,,red,1,21.9,0,-16.0
2706,90.29,red,observed,1.0,15.93,,red,1,22.05,0,-15.93
2709,90.39,red,observed,1.0,15.96,,red,1,21.75,0,-15.96
2712,90.49,red,observed,1.0,16.06,,red,1,22.09,0,-16.06
2715,90.59,red,observed,1.0,15.93,,red,1,21.94,0,-15.93
2718,90.691,red,observed,1.0,15.96,,red,1,21.52,0,-15.96
2721,90.791,red,observed,1.0,16.25,,red,1,21.97,0,-16.25
2724,90.891,red,observed,1.0,16.32,,red,1,21.82,0,-16.32
2727,90.991,red,observed,1.0,16.12,,red,1,21.86,0,-16.12
2730,91.091,red,observed,1.0,15.74,,red,1,21.63,0,-15.74
2733,91.191,red,observed,1.0,16.03,,red,1,22.01,0,-16.03
2736,91.291,red,observed,1.0,15.84,,red,1,21.6,0,-15.84
2739,91.391,red,observed,1.0,16.28,,red,1,21.79,0,-16.28
2742,91.491,red,observed,1.0,15.84,,red,1,21.97,0,-15.84
2745,91.592,red,observed,1.0,15.81,,red,1,21.1,0,-15.81
2748,91.692,red,observed,1.0,16.03,,red,1,21.94,0,-16.03
2751,91.792,red,observed,1.0,16.19,,red,1,21.75,0,-16.19
2754,91.892,red,observed,1.0,16.25,,red,1,21.67,0,-16.25
2757,91.992,red,observed,1.0,16.44,,red,1,21.44,0,-16.44
2760,92.092,red,observed,1.0,15.87,,red,1,21.86,0,-15.87
2763,92.192,red,observed,1.0,15.84,,red,1,21.79,0,-15.84
2766,92.292,red,observed,1.0,16.16,,red,1,22.05,0,-16.16
2769,92.392,red,observed,1.0,16.25,,red,1,21.82,0,-16.25
2772,92.492,red,observed,1.0,15.96,,red,1,21.82,0,-15.96
2775,92.592,red,observed,1.0,16.12,,red,1,21.86,0,-16.12
2778,92.693,red,observed,1.0,16.35,,red,1,21.82,0,-16.35
2781,92.793,red,observed,1.0,15.93,,red,1,21.63,0,-15.93
2784,92.893,red,observed,1.0,16.6,,red,1,21.63,0,-16.6
2787,92.993,red,observed,1.0,16.28,,red,1,21.94,0,-16.28
2790,93.093,red,observed,1.0,16.12,,red,1,22.01,0,-16.12
2793,93.193,red,observed,1.0,15.84,,red,1,21.94,0,-15.84
2796,93.293,red,observed,1.0,16.22,,red,1,21.97,0,-16.22
2799,93.393,red,observed,1.0,16.19,,red,1,21.97,0,-16.19
2802,93.493,red,observed,1.0,16.28,,red,1,22.16,0,-16.28
2805,93.594,red,observed,1.0,16.16,,red,1,22.39,0,-16.16
2808,93.694,red,observed,1.0,15.96,,red,1,21.6,0,-15.96
2811,93.794,red,observed,1.0,16.28,,red,1,21.44,0,-16.28
2814,93.894,red,observed,1.0,15.45,,red,1,21.56,0,-15.45
2817,93.994,red,observed,1.0,15.93,,red,1,22.47,0,-15.93
2820,94.094,red,observed,1.0,16.19,,red,1,22.01,0,-16.19
2823,94.194,red,observed,1.0,16.35,,red,1,22.01,0,-16.35
2826,94.294,red,observed,1.0,16.28,,red,1,22.05,0,-16.28
2829,94.394,red,observed,1.0,15.9,,red,1,22.05,0,-15.9
2832,94.494,red,observed,1.0,16.09,,red,1,21.86,0,-16.09
2835,94.594,red,observed,1.0,16.63,,red,1,22.01,0,-16.63
2838,94.695,red,observed,1.0,16.47,,red,1,21.52,0,-16.47
2841,94.795,red,observed,1.0,16.38,,red,1,21.94,0,-16.38
2844,94.895,red,observed,1.0,16.12,,red,1,21.56,0,-16.12
2847,94.995,red,observed,1.0,16.06,,red,1,21.48,0,-16.06
2850,95.095,red,observed,1.0,16.06,,red,1,21.29,0,-16.06
2853,95.195,red,observed,1.0,16.38,,red,1,21.41,0,-16.38
2856,95.295,red,observed,1.0,16.67,,red,1,21.79,0,-16.67
2859,95.395,red,observed,1.0,16.19,,red,1,21.71,0,-16.19
2862,95.495,red,observed,1.0,16.06,,red,1,21.86,0,-16.06
2865,95.596,red,observed,1.0,16.06,,red,1,21.97,0,-16.06
2868,95.696,red,observed,1.0,16.0,,red,1,22.13,0,-16.0
2871,95.796,red,observed,1.0,15.93,,red,1,22.01,0,-15.93
2874,95.896,red,observed,1.0,16.06,,red,1,21.79,0,-16.06
2877,95.996,red,observed,1.0,16.03,,red,1,21.9,0,-16.03
2880,96.096,red,observed,1.0,16.03,,red,1,21.71,0,-16.03
2883,96.196,red,observed,1.0,15.93,,red,1,21.52,0,-15.93
2886,96.296,red,observed,1.0,16.0,,red,1,21.82,0,-16.0
2889,96.396,red,observed,1.0,15.87,,red,1,21.82,0,-15.87
2892,96.496,red,observed,1.0,15.65,,red,1,22.01,0,-15.65
2895,96.596,red,observed,1.0,16.19,,red,1,21.63,0,-16.19
2898,96.697,red,observed,1.0,15.68,,red,1,21.63,0,-15.68
2901,96.797,red,observed,1.0,16.32,,red,1,21.52,0,-16.32
2904,96.897,red,observed,1.0,15.74,,red,1,21.41,0,-15.74
2907,96.997,red,observed,1.0,15.77,,red,1,21.48,0,-15.77
2910,97.097,red,observed,1.0,15.96,,red,1,21.79,0,-15.96
2913,97.197,red,observed,1.0,16.19,,red,1,21.75,0,-16.19
2916,97.297,red,observed,1.0,15.96,,red,1,21.71,0,-15.96
2919,97.397,red,observed,1.0,16.19,,red,1,21.63,0,-16.19
2922,97.497,red,observed,1.0,16.25,,red,1,21.67,0,-16.25
2925,97.598,red,observed,1.0,15.93,,red,1,21.75,0,-15.93
2928,97.698,red,observed,1.0,16.19,,red,1,21.37,0,-16.19
2931,97.798,red,observed,1.0,16.25,,red,1,21.41,0,-16.25
2934,97.898,red,observed,1.0,16.25,,red,1,21.67,0,-16.25
2937,97.998,red,observed,1.0,16.12,,red,1,21.22,0,-16.12
2940,98.098,red,observed,1.0,16.35,,red,1,21.71,0,-16.35
2943,98.198,red,observed,1.0,16.41,,red,1,21.97,0,-16.41
2946,98.298,red,observed,1.0,16.16,,red,1,21.86,0,-16.16
2949,98.398,red,observed,1.0,16.25,,red,1,21.33,0,-16.25
2952,98.498,red,observed,1.0,15.96,,red,1,21.71,0,-15.96
2955,98.598,red,observed,1.0,16.16,,red,1,21.86,0,-16.16
2958,98.699,red,observed,1.0,16.28,,red,1,21.71,0,-16.28
2961,98.799,red,observed,1.0,15.96,,red,1,21.52,0,-15.96
2964,98.899,red,observed,1.0,15.9,,red,1,21.86,0,-15.9
2967,98.999,red,observed,1.0,16.03,,red,1,21.67,0,-16.03
2970,99.099,red,observed,1.0,16.22,,red,1,22.39,0,-16.22
2973,99.199,red,observed,1.0,15.93,,red,1,22.2,0,-15.93
2976,99.299,red,observed,1.0,16.28,,red,1,21.71,0,-16.28
2979,99.399,red,observed,1.0,16.19,,red,1,21.9,0,-16.19
2982,99.499,red,observed,1.0,16.12,,red,1,21.79,0,-16.12
2985,99.6,red,observed,1.0,16.03,,red,1,21.71,0,-16.03
2988,99.7,red,observed,1.0,16.54,,red,1,21.25,0,-16.54
2991,99.8,red,observed,1.0,16.06,,red,1,21.52,0,-16.06
2994,99.9,red,observed,1.0,16.41,,red,1,21.97,0,-16.41
2997,100.0,red,observed,1.0,15.81,,red,1,21.52,0,-15.81
3000,100.1,red,observed,1.0,15.77,,red,1,21.79,0,-15.77
3003,100.2,red,observed,1.0,16.32,,red,1,21.67,0,-16.32
3006,100.3,red,observed,1.0,16.06,,red,1,21.52,0,-16.06
3009,100.4,red,observed,1.0,15.87,,red,1,21.41,0,-15.87
3012,100.5,red,observed,1.0,16.35,,red,1,21.75,0,-16.35
3015,100.6,red,observed,1.0,16.32,,red,1,21.97,0,-16.32
3018,100.701,red,observed,1.0,16.57,,red,1,21.82,0,-16.57
3021,100.801,red,observed,1.0,16.41,,red,1,22.05,0,-16.41
3024,100.901,red,observed,1.0,16.41,,red,1,21.79,0,-16.41
3027,101.001,red,observed,1.0,16.03,,red,1,21.52,0,-16.03
3030,101.101,red,observed,1.0,16.16,,red,1,21.37,0,-16.16
3033,101.201,red,observed,1.0,16.32,,red,1,21.63,0,-16.32
3036,101.301,red,observed,1.0,16.32,,red,1,21.22,0,-16.32
3039,101.401,red,observed,1.0,16.12,,red,1,21.67,0,-16.12
3042,101.501,red,observed,1.0,16.35,,red,1,22.16,0,-16.35
3045,101.602,red,observed,1.0,16.38,,red,1,21.71,0,-16.38
3048,101.702,red,observed,1.0,16.12,,red,1,22.28,0,-16.12
3051,101.802,red,observed,1.0,16.12,,red,1,21.63,0,-16.12
3054,101.902,red,observed,1.0,16.32,,red,1,21.52,0,-16.32
3057,102.002,red,observed,1.0,15.87,,red,1,21.94,0,-15.87
3060,102.102,red,observed,1.0,16.16,,red,1,21.52,0,-16.16
3063,102.202,red,observed,1.0,16.32,,red,1,21.44,0,-16.32
3066,102.302,red,observed,1.0,16.28,,red,1,21.41,0,-16.28
3069,102.402,red,observed,1.0,16.32,,red,1,21.29,0,-16.32
3072,102.502,red,observed,1.0,16.0,,red,1,21.41,0,-16.0
3075,102.602,red,observed,1.0,15.93,,red,1,21.75,0,-15.93
3078,102.703,red,observed,1.0,16.16,,red,1,22.28,0,-16.16
3081,102.803,red,observed,1.0,16.19,,red,1,22.09,0,-16.19
3084,102.903,red,observed,1.0,16.25,,red,1,21.1,0,-16.25
3087,103.003,red,observed,1.0,16.32,,red,1,21.9,0,-16.32
3090,103.103,red,observed,1.0,16.06,,red,1,21.07,0,-16.06
3093,103.203,red,observed,1.0,15.77,,red,1,21.6,0,-15.77
3096,103.303,red,observed,1.0,16.12,,red,1,21.75,0,-16.12
3099,103.403,red,observed,1.0,15.87,,red,1,21.44,0,-15.87
3102,103.503,red,observed,1.0,16.16,,red,1,21.82,0,-16.16
3105,103.604,red,observed,1.0,16.0,,red,1,21.94,0,-16.0
3108,103.704,red,observed,1.0,16.06,,red,1,21.67,0,-16.06
3111,103.804,red,observed,1.0,16.35,,red,1,21.97,0,-16.35
3114,103.904,red,observed,1.0,16.0,,red,1,21.63,0,-16.0
3117,104.004,red,observed,1.0,15.65,,red,1,21.71,0,-15.65
3120,104.104,red,observed,1.0,16.06,,red,1,21.6,0,-16.06
3123,104.204,red,observed,1.0,15.96,,red,1,21.94,0,-15.96
3126,104.304,red,observed,1.0,16.25,,red,1,21.6,0,-16.25
3129,104.404,red,observed,1.0,16.03,,red,1,22.09,0,-16.03
3132,104.504,red,observed,1.0,16.22,,red,1,22.13,0,-16.22
3135,104.604,red,observed,1.0,15.87,,red,1,21.79,0,-15.87
3138,104.705,red,observed,1.0,16.19,,red,1,21.41,0,-16.19
3141,104.805,red,observed,1.0,16.25,,red,1,21.29,0,-16.25
3144,104.905,red,observed,1.0,16.12,,red,1,21.6,0,-16.12
3147,105.005,red,observed,1.0,16.03,,red,1,21.94,0,-16.03
3150,105.105,red,observed,1.0,16.32,,red,1,22.32,0,-16.32
3153,105.205,red,observed,1.0,16.32,,red,1,21.97,0,-16.32
3156,105.305,red,observed,1.0,16.25,,red,1,21.97,0,-16.25
3159,105.405,red,observed,1.0,16.25,,red,1,21.56,0,-16.25
3162,105.505,red,observed,1.0,15.96,,red,1,21.56,0,-15.96
3165,105.606,red,observed,1.0,16.12,,red,1,21.86,0,-16.12
3168,105.706,red,observed,1.0,16.16,,red,1,21.63,0,-16.16
3171,105.806,red,observed,1.0,16.06,,red,1,21.63,0,-16.06
3174,105.906,red,observed,1.0,16.0,,red,1,21.22,0,-16.0
3177,106.006,red,observed,1.0,16.09,,red,1,21.82,0,-16.09
3180,106.106,red,observed,1.0,16.09,,red,1,21.52,0,-16.09
3183,106.206,red,observed,1.0,16.16,,red,1,21.56,0,-16.16
3186,106.306,red,observed,1.0,15.9,,red,1,21.48,0,-15.9
3189,106.406,red,observed,1.0,15.81,,red,1,21.63,0,-15.81
3192,106.506,red,observed,1.0,15.96,,red,1,20.99,0,-15.96
3195,106.606,red,observed,1.0,16.22,,red,1,22.01,0,-16.22
3198,106.707,red,observed,1.0,15.61,,red,1,21.48,0,-15.61
3201,106.807,red,observed,1.0,15.9,,red,1,21.82,0,-15.9
3204,106.907,red,observed,1.0,16.19,,red,1,21.71,0,-16.19
3207,107.007,red,observed,1.0,16.38,,red,1,21.9,0,-16.38
3210,107.107,red,observed,1.0,16.35,,red,1,22.54,0,-16.35
3213,107.207,red,observed,1.0,16.44,,red,1,22.24,0,-16.44
3216,107.307,red,observed,1.0,16.32,,red,1,22.47,0,-16.32
3219,107.407,red,observed,1.0,16.16,,red,1,21.97,0,-16.16
3222,107.507,red,observed,1.0,15.77,,red,1,22.28,0,-15.77
3225,107.608,red,observed,1.0,15.87,,red,1,21.82,0,-15.87
3228,107.708,red,observed,1.0,16.12,,red,1,21.82,0,-16.12
3231,107.808,red,observed,1.0,16.22,,red,1,21.9,0,-16.22
3234,107.908,red,observed,1.0,16.28,,red,1,21.79,0,-16.28
3237,108.008,red,observed,1.0,16.0,,red,1,22.05,0,-16.0
3240,108.108,red,observed,1.0,16.16,,red,1,21.44,0,-16.16
3243,108.208,red,observed,1.0,15.84,,red,1,21.56,0,-15.84
3246,108.308,red,observed,1.0,15.93,,red,1,21.52,0,-15.93
3249,108.408,red,observed,1.0,16.16,,red,1,21.29,0,-16.16
3252,108.508,red,observed,1.0,16.19,,red,1,21.25,0,-16.19
3255,108.608,red,observed,1.0,16.38,,red,1,21.63,0,-16.38
3258,108.709,red,observed,1.0,15.65,,red,1,21.29,0,-15.65
3261,108.809,red,observed,1.0,16.22,,red,1,21.48,0,-16.22
3264,108.909,red,observed,1.0,16.16,,red,1,21.94,0,-16.16
3267,109.009,red,observed,1.0,16.19,,red,1,21.9,0,-16.19
3270,109.109,red,observed,1.0,15.96,,red,1,22.13,0,-15.96
3273,109.209,red,observed,1.0,16.41,,red,1,21.71,0,-16.41
3276,109.309,red,observed,1.0,16.06,,red,1,21.52,0,-16.06
3279,109.409,red,observed,1.0,16.16,,red,1,21.41,0,-16.16
3282,109.509,red,observed,1.0,16.28,,red,1,21.86,0,-16.28
3285,109.61,red,observed,1.0,16.35,,red,1,21.41,0,-16.35
3288,109.71,red,observed,1.0,15.96,,red,1,22.2,0,-15.96
3291,109.81,red,observed,1.0,16.12,,red,1,21.86,0,-16.12
3294,109.91,red,observed,1.0,15.9,,red,1,21.9,0,-15.9
3297,110.01,red,observed,1.0,16.28,,red,1,22.05,0,-16.28
3300,110.11,red,observed,1.0,15.96,,red,1,22.01,0,-15.96
3303,110.21,red,observed,1.0,16.0,,red,1,22.09,0,-16.0
3306,110.31,red,observed,1.0,16.25,,red,1,22.13,0,-16.25
3309,110.41,red,observed,1.0,15.96,,red,1,22.16,0,-15.96
3312,110.51,red,observed,1.0,16.38,,red,1,21.97,0,-16.38
3315,110.61,red,observed,1.0,16.32,,red,1,22.32,0,-16.32
3318,110.711,red,observed,1.0,16.0,,red,1,21.79,0,-16.0
3321,110.811,red,observed,1.0,16.22,,red,1,21.9,0,-16.22
3324,110.911,red,observed,1.0,16.44,,red,1,22.16,0,-16.44
3327,111.011,red,observed,1.0,16.09,,red,1,22.16,0,-16.09
3330,111.111,red,observed,1.0,16.03,,red,1,21.44,0,-16.03
3333,111.211,red,observed,1.0,15.93,,red,1,21.71,0,-15.93
3336,111.311,red,observed,1.0,15.9,,red,1,22.05,0,-15.9
3339,111.411,red,observed,1.0,16.12,,red,1,21.75,0,-16.12
3342,111.511,red,observed,1.0,15.55,,red,1,21.86,0,-15.55
3345,111.612,red,observed,1.0,15.96,,red,1,21.82,0,-15.96
3348,111.712,red,observed,1.0,16.19,,red,1,21.97,0,-16.19
3351,111.812,red,observed,1.0,15.9,,red,1,21.63,0,-15.9
3354,111.912,red,observed,1.0,16.22,,red,1,21.29,0,-16.22
3357,112.012,red,observed,1.0,16.19,,red,1,21.52,0,-16.19
3360,112.112,red,observed,1.0,16.22,,red,1,21.29,0,-16.22
3363,112.212,red,observed,1.0,15.71,,red,1,21.37,0,-15.71
3366,112.312,red,observed,1.0,16.16,,red,1,20.84,0,-16.16
3369,112.412,red,observed,1.0,15.74,,red,1,21.03,0,-15.74
3372,112.512,red,observed,1.0,16.19,,red,1,20.95,0,-16.19
3375,112.612,red,observed,1.0,16.12,,red,1,21.25,0,-16.12
3378,112.713,red,observed,1.0,15.96,,red,1,20.88,0,-15.96
3381,112.813,red,observed,1.0,16.16,,red,1,20.72,0,-16.16
3384,112.913,red,observed,1.0,16.16,,red,1,20.46,0,-16.16
3387,113.013,red,observed,1.0,15.87,,red,1,20.65,0,-15.87
3390,113.113,red,observed,1.0,16.06,,red,1,19.7,0,-16.06
3393,113.213,red,observed,1.0,16.03,,red,1,20.16,0,-16.03
3396,113.313,red,observed,1.0,15.87,,red,1,19.89,0,-15.87
3399,113.413,red,observed,1.0,15.96,,red,1,19.78,0,-15.96
3402,113.513,red,observed,1.0,15.9,,red,1,20.16,0,-15.9
3405,113.614,red,observed,1.0,16.06,,red,1,19.44,0,-16.06
3408,113.714,red,observed,1.0,16.22,,red,1,19.47,0,-16.22
3411,113.814,red,observed,1.0,16.63,,red,1,19.47,0,-16.63
3414,113.914,red,observed,1.0,16.0,,red,1,19.36,0,-16.0
3417,114.014,red,observed,1.0,16.03,,red,1,19.36,0,-16.03
3420,114.114,red,observed,1.0,16.22,,red,1,19.4,0,-16.22
3423,114.214,red,observed,1.0,16.19,,red,1,19.63,0,-16.19
3426,114.314,red,observed,1.0,16.16,,red,1,19.44,0,-16.16
3429,114.414,red,observed,1.0,16.22,,red,1,18.94,0,-16.22
3432,114.514,green,observed,1.0,13.56,,green,0,-13.56,1,16.25
3435,114.614,green,observed,1.0,15.68,,green,0,-19.44,1,15.68
3438,114.715,green,observed,1.0,16.32,,green,0,-20.57,1,16.32
3441,114.815,green,observed,1.0,15.71,,green,0,-20.65,1,15.71
3444,114.915,green,observed,1.0,15.65,,green,0,-20.42,1,15.65
3447,115.015,green,observed,1.0,15.77,,green,0,-20.53,1,15.77
3450,115.115,green,observed,1.0,15.84,,green,0,-20.84,1,15.84
3453,115.215,green,observed,1.0,15.96,,green,0,-20.72,1,15.96
3456,115.315,green,observed,1.0,15.71,,green,0,-20.72,1,15.71
3459,115.415,green,observed,1.0,16.12,,green,0,-20.27,1,16.12
3462,115.515,green,observed,1.0,15.58,,green,0,-20.04,1,15.58
3465,115.616,green,observed,1.0,16.0,,green,0,-20.42,1,16.0
3468,115.716,green,observed,1.0,15.81,,green,0,-20.8,1,15.81
3471,115.816,green,observed,1.0,15.55,,green,0,-20.61,1,15.55
3474,115.916,green,observed,1.0,15.74,,green,0,-20.46,1,15.74
3477,116.016,green,observed,1.0,15.65,,green,0,-20.53,1,15.65
3480,116.116,green,observed,1.0,16.0,,green,0,-20.53,1,16.0
3483,116.216,green,observed,1.0,15.61,,green,0,-20.46,1,15.61
3486,116.316,green,observed,1.0,15.45,,green,0,-20.84,1,15.45
3489,116.416,green,observed,1.0,15.36,,green,0,-20.65,1,15.36
3492,116.516,green,observed,1.0,15.3,,green,0,-20.61,1,15.3
3495,116.616,green,observed,1.0,16.0,,green,0,-20.72,1,16.0
3498,116.717,green,observed,1.0,15.77,,green,0,-20.31,1,15.77
3501,116.817,green,observed,1.0,15.77,,green,0,-20.31,1,15.77
3504,116.917,green,observed,1.0,15.07,,green,0,-20.31,1,15.07
3507,117.017,green,observed,1.0,15.52,,green,0,-20.35,1,15.52
3510,117.117,green,observed,1.0,15.39,,green,0,-20.31,1,15.39
3513,117.217,green,observed,1.0,15.2,,green,0,-20.42,1,15.2
3516,117.317,green,observed,1.0,15.45,,green,0,-20.27,1,15.45
3519,117.417,green,observed,1.0,15.26,,green,0,-20.38,1,15.26
3522,117.517,green,observed,1.0,15.42,,green,0,-20.19,1,15.42
3525,117.618,green,observed,1.0,15.07,,green,0,-20.27,1,15.07
3528,117.718,green,observed,1.0,15.52,,green,0,-20.31,1,15.52
3531,117.818,green,observed,1.0,15.14,,green,0,-20.38,1,15.14
3534,117.918,green,observed,1.0,14.88,,green,0,-20.27,1,14.88
3537,118.018,green,observed,1.0,15.07,,green,0,-20.31,1,15.07
3540,118.118,green,observed,1.0,15.2,,green,0,-20.23,1,15.2
3543,118.218,green,observed,1.0,15.45,,green,0,-20.31,1,15.45
3546,118.318,green,observed,1.0,15.17,,green,0,-20.27,1,15.17
3549,118.418,green,observed,1.0,15.07,,green,0,-20.5,1,15.07
3552,118.518,green,observed,1.0,15.23,,green,0,-20.08,1,15.23
3555,118.618,green,observed,1.0,15.14,,green,0,-20.69,1,15.14
3558,118.719,green,observed,1.0,15.33,,green,0,-19.89,1,15.33
3561,118.819,green,observed,1.0,15.26,,green,0,-20.35,1,15.26
3564,118.919,green,observed,1.0,15.14,,green,0,-20.31,1,15.14
3567,119.019,green,observed,1.0,15.17,,green,0,-20.5,1,15.17
3570,119.119,green,observed,1.0,14.82,,green,0,-20.5,1,14.82
3573,119.219,green,observed,1.0,15.14,,green,0,-20.46,1,15.14
3576,119.319,green,observed,1.0,15.26,,green,0,-20.19,1,15.26
3579,119.419,green,observed,1.0,15.07,,green,0,-20.0,1,15.07
3582,119.519,green,observed,1.0,14.91,,green,0,-20.72,1,14.91
3585,119.62,green,observed,1.0,15.07,,green,0,-20.53,1,15.07
3588,119.72,green,observed,1.0,15.23,,green,0,-20.19,1,15.23
3591,119.82,green,observed,1.0,15.33,,green,0,-20.42,1,15.33
3594,119.92,green,observed,1.0,15.14,,green,0,-20.69,1,15.14
3597,120.02,green,observed,1.0,15.04,,green,0,-20.46,1,15.04
3600,120.12,green,observed,1.0,15.14,,green,0,-20.08,1,15.14
3603,120.22,green,observed,1.0,15.17,,green,0,-20.5,1,15.17
3606,120.32,green,observed,1.0,15.81,,green,0,-20.31,1,15.81
3609,120.42,green,observed,1.0,15.3,,green,0,-20.46,1,15.3
3612,120.52,green,observed,1.0,15.3,,green,0,-20.12,1,15.3
3615,120.62,green,observed,1.0,15.87,,green,0,-20.42,1,15.87
3618,120.721,green,observed,1.0,15.58,,green,0,-20.31,1,15.58
3621,120.821,green,observed,1.0,15.55,,green,0,-20.31,1,15.55
3624,120.921,green,observed,1.0,15.42,,green,0,-20.53,1,15.42
3627,121.021,green,observed,1.0,15.55,,green,0,-20.12,1,15.55
3630,121.121,green,observed,1.0,15.3,,green,0,-20.46,1,15.3
3633,121.221,green,observed,1.0,15.77,,green,0,-20.8,1,15.77
3636,121.321,green,observed,1.0,14.94,,green,0,-20.19,1,14.94
3639,121.421,green,observed,1.0,15.36,,green,0,-20.65,1,15.36
3642,121.521,green,observed,1.0,15.52,,green,0,-20.61,1,15.52
3645,121.622,green,observed,1.0,15.61,,green,0,-20.46,1,15.61
3648,121.722,green,observed,1.0,15.71,,green,0,-20.69,1,15.71
3651,121.822,green,observed,1.0,15.42,,green,0,-20.42,1,15.42
3654,121.922,green,observed,1.0,15.04,,green,0,-20.19,1,15.04
3657,122.022,green,observed,1.0,15.17,,green,0,-20.04,1,15.17
3660,122.122,green,observed,1.0,15.93,,green,0,-20.38,1,15.93
3663,122.222,green,observed,1.0,15.61,,green,0,-20.65,1,15.61
3666,122.322,green,observed,1.0,15.55,,green,0,-20.27,1,15.55
3669,122.422,green,observed,1.0,15.65,,green,0,-20.42,1,15.65
3672,122.522,green,observed,1.0,15.3,,green,0,-20.53,1,15.3
3675,122.622,green,observed,1.0,15.39,,green,0,-20.46,1,15.39
3678,122.723,green,observed,1.0,16.47,,green,0,-20.27,1,16.47
3681,122.823,green,observed,1.0,15.65,,green,0,-20.76,1,15.65
3684,122.923,green,observed,1.0,14.82,,green,0,-20.08,1,14.82
3687,123.023,green,observed,1.0,15.71,,green,0,-20.31,1,15.71
3690,123.123,green,observed,1.0,14.56,,green,0,-20.35,1,14.56
3693,123.223,green,observed,1.0,15.96,,green,0,-20.38,1,15.96
3696,123.323,green,observed,1.0,16.73,,green,0,-20.16,1,16.73
3699,123.423,green,observed,1.0,15.42,,green,0,-20.27,1,15.42
3702,123.523,green,observed,1.0,15.17,,green,0,-20.27,1,15.17
3705,123.624,green,observed,1.0,16.09,,green,0,-20.42,1,16.09
3708,123.724,green,observed,1.0,15.42,,green,0,-20.31,1,15.42
3711,123.824,green,observed,1.0,17.56,,green,0,-20.69,1,17.56
3714,123.924,green,observed,1.0,17.24,,green,0,-20.42,1,17.24
3717,124.024,green,observed,1.0,16.63,,green,0,-20.46,1,16.63
3720,124.124,green,observed,1.0,17.72,,green,0,-20.57,1,17.72
3723,124.224,green,observed,1.0,17.37,,green,0,-20.46,1,17.37
3726,124.324,green,observed,1.0,16.6,,green,0,-20.5,1,16.6
3729,124.424,green,observed,1.0,16.09,,green,0,-20.31,1,16.09
3732,124.524,green,observed,1.0,16.95,,green,0,-20.0,1,16.95
3735,124.624,green,observed,1.0,16.83,,green,0,-20.23,1,16.83
3738,124.725,green,observed,1.0,16.51,,green,0,-20.61,1,16.51
3741,124.825,green,observed,1.0,16.57,,green,0,-20.04,1,16.57
3744,124.925,green,observed,1.0,16.32,,green,0,-20.12,1,16.32
3747,125.025,green,observed,1.0,16.54,,green,0,-20.61,1,16.54
3750,125.125,green,observed,1.0,16.32,,green,0,-20.5,1,16.32
3753,125.225,green,observed,1.0,16.12,,green,0,-20.65,1,16.12
3756,125.325,green,observed,1.0,16.83,,green,0,-20.42,1,16.83
3759,125.425,green,observed,1.0,16.09,,green,0,-20.61,1,16.09
3762,125.525,green,observed,1.0,16.67,,green,0,-20.16,1,16.67
3765,125.626,green,observed,1.0,17.49,,green,0,-20.61,1,17.49
3768,125.726,green,observed,1.0,17.18,,green,0,-20.38,1,17.18
3771,125.826,green,observed,1.0,17.08,,green,0,-20.38,1,17.08
3774,125.926,green,observed,1.0,16.7,,green,0,-20.84,1,16.7
3777,126.026,green,observed,1.0,16.09,,green,0,-20.53,1,16.09
3780,126.126,green,observed,1.0,16.51,,green,0,-20.72,1,16.51
3783,126.226,green,observed,1.0,16.32,,green,0,-20.57,1,16.32
3786,126.326,green,observed,1.0,15.45,,green,0,-20.23,1,15.45
3789,126.426,green,observed,1.0,16.41,,green,0,-20.31,1,16.41
3792,126.526,green,observed,1.0,16.57,,green,0,-20.31,1,16.57
3795,126.626,green,observed,1.0,16.41,,green,0,-20.27,1,16.41
3798,126.727,green,observed,1.0,16.6,,green,0,-20.42,1,16.6
3801,126.827,green,observed,1.0,16.03,,green,0,-20.16,1,16.03
3804,126.927,green,observed,1.0,16.38,,green,0,-20.04,1,16.38
3807,127.027,green,observed,1.0,16.76,,green,0,-20.88,1,16.76
3810,127.127,green,observed,1.0,15.42,,green,0,-20.42,1,15.42
3813,127.227,green,observed,1.0,17.49,,green,0,-20.88,1,17.49
3816,127.327,green,observed,1.0,18.39,,green,0,-20.69,1,18.39
3819,127.427,green,observed,1.0,17.27,,green,0,-20.76,1,17.27
3822,127.527,green,observed,1.0,17.49,,green,0,-20.76,1,17.49
