frame,t_sec,state,observation,confidence,margin_sd,reason,v3_label,red_on,red_z,amber_on,amber_z,green_on,green_z
0,0.0,red,observed,1.0,19.95,,red,1,19.95,0,-22.9,0,-23.5
3,0.1,red,observed,1.0,19.65,,red,1,19.65,0,-23.17,0,-23.33
6,0.2,red,observed,1.0,20.3,,red,1,20.3,0,-22.9,0,-23.4
9,0.3,red,observed,1.0,19.41,,red,1,19.41,0,-23.43,0,-23.59
12,0.4,red,observed,1.0,19.6,,red,1,19.6,0,-22.97,0,-23.3
15,0.501,red,observed,1.0,19.43,,red,1,19.43,0,-23.49,0,-23.46
18,0.601,red,observed,1.0,19.51,,red,1,19.51,0,-23.1,0,-23.13
21,0.701,red,observed,1.0,20.06,,red,1,20.06,0,-23.1,0,-23.13
24,0.801,red,observed,1.0,19.87,,red,1,19.87,0,-22.71,0,-23.07
27,0.901,red,observed,1.0,19.73,,red,1,19.73,0,-23.03,0,-23.43
30,1.001,red,observed,1.0,19.76,,red,1,19.76,0,-23.17,0,-23.43
33,1.101,red,observed,1.0,19.41,,red,1,19.41,0,-23.17,0,-23.26
36,1.201,red,observed,1.0,19.08,,red,1,19.08,0,-23.03,0,-23.1
39,1.301,red,observed,1.0,19.38,,red,1,19.38,0,-23.43,0,-23.59
42,1.401,red,observed,1.0,19.54,,red,1,19.54,0,-23.36,0,-23.53
45,1.502,red,observed,1.0,19.6,,red,1,19.6,0,-23.03,0,-23.4
48,1.602,red,observed,1.0,19.35,,red,1,19.35,0,-22.71,0,-23.46
51,1.702,red,observed,1.0,19.24,,red,1,19.24,0,-22.71,0,-23.43
54,1.802,red,observed,1.0,19.54,,red,1,19.54,0,-22.9,0,-23.63
57,1.902,red,observed,1.0,19.3,,red,1,19.3,0,-23.1,0,-23.33
60,2.002,red,observed,1.0,19.13,,red,1,19.13,0,-23.96,0,-23.13
63,2.102,red,observed,1.0,19.6,,red,1,19.6,0,-22.9,0,-23.13
66,2.202,red,observed,1.0,19.19,,red,1,19.19,0,-22.9,0,-22.93
69,2.302,red,observed,1.0,19.51,,red,1,19.51,0,-22.84,0,-23.3
72,2.402,red,observed,1.0,19.24,,red,1,19.24,0,-22.64,0,-23.5
75,2.502,red,observed,1.0,19.65,,red,1,19.65,0,-22.57,0,-23.43
78,2.603,red,observed,1.0,19.73,,red,1,19.73,0,-22.84,0,-23.36
81,2.703,red,observed,1.0,19.43,,red,1,19.43,0,-23.3,0,-23.26
84,2.803,red,observed,1.0,19.24,,red,1,19.24,0,-23.43,0,-23.2
87,2.903,red,observed,1.0,19.22,,red,1,19.22,0,-23.17,0,-23.26
90,3.003,red,observed,1.0,19.49,,red,1,19.49,0,-22.84,0,-23.53
93,3.103,red,observed,1.0,19.22,,red,1,19.22,0,-23.36,0,-23.59
96,3.203,red,observed,1.0,19.24,,red,1,19.24,0,-22.64,0,-23.03
99,3.303,red,observed,1.0,19.19,,red,1,19.19,0,-22.84,0,-23.13
102,3.403,red,observed,1.0,19.6,,red,1,19.6,0,-23.23,0,-23.36
105,3.504,red,observed,1.0,19.79,,red,1,19.79,0,-22.71,0,-23.13
108,3.604,red,observed,1.0,19.32,,red,1,19.32,0,-22.97,0,-22.93
111,3.704,red,observed,1.0,19.27,,red,1,19.27,0,-23.23,0,-23.2
114,3.804,red,observed,1.0,19.38,,red,1,19.38,0,-23.76,0,-23.0
117,3.904,red,observed,1.0,19.49,,red,1,19.49,0,-22.71,0,-23.2
120,4.004,red,observed,1.0,19.81,,red,1,19.81,0,-22.97,0,-23.2
123,4.104,red,observed,1.0,19.38,,red,1,19.38,0,-22.9,0,-23.3
126,4.204,red,observed,1.0,19.43,,red,1,19.43,0,-23.43,0,-23.23
129,4.304,red,observed,1.0,19.49,,red,1,19.49,0,-22.77,0,-23.36
132,4.404,red,observed,1.0,19.6,,red,1,19.6,0,-22.51,0,-23.23
135,4.504,red,observed,1.0,19.41,,red,1,19.41,0,-23.17,0,-23.26
138,4.605,red,observed,1.0,19.32,,red,1,19.32,0,-23.3,0,-23.17
141,4.705,red,observed,1.0,19.65,,red,1,19.65,0,-22.51,0,-23.46
144,4.805,red,observed,1.0,19.3,,red,1,19.3,0,-23.36,0,-23.03
147,4.905,red,observed,1.0,19.24,,red,1,19.24,0,-23.03,0,-23.46
150,5.005,red,observed,1.0,19.46,,red,1,19.46,0,-23.17,0,-23.03
153,5.105,red,observed,1.0,19.19,,red,1,19.19,0,-23.03,0,-23.43
156,5.205,red,observed,1.0,19.68,,red,1,19.68,0,-22.84,0,-23.1
159,5.305,red,observed,1.0,19.38,,red,1,19.38,0,-23.17,0,-23.17
162,5.405,red,observed,1.0,19.35,,red,1,19.35,0,-22.97,0,-23.07
165,5.506,red,observed,1.0,19.32,,red,1,19.32,0,-23.17,0,-23.63
168,5.606,red,observed,1.0,19.27,,red,1,19.27,0,-22.57,0,-23.1
171,5.706,red,observed,1.0,19.27,,red,1,19.27,0,-23.1,0,-23.0
174,5.806,red,observed,1.0,19.51,,red,1,19.51,0,-22.71,0,-23.23
177,5.906,red,observed,1.0,19.49,,red,1,19.49,0,-22.71,0,-23.07
180,6.006,red,observed,1.0,19.19,,red,1,19.19,0,-23.36,0,-23.3
183,6.106,red,observed,1.0,19.19,,red,1,19.19,0,-22.84,0,-23.1
186,6.206,red,observed,1.0,19.27,,red,1,19.27,0,-23.36,0,-23.0
189,6.306,red,observed,1.0,19.24,,red,1,19.24,0,-23.17,0,-23.3
192,6.406,red,observed,1.0,19.3,,red,1,19.3,0,-23.3,0,-23.36
195,6.506,red,observed,1.0,19.32,,red,1,19.32,0,-23.3,0,-23.17
198,6.607,red,observed,1.0,19.68,,red,1,19.68,0,-22.84,0,-23.4
201,6.707,red,observed,1.0,19.6,,red,1,19.6,0,-23.17,0,-22.9
204,6.807,red,observed,1.0,19.38,,red,1,19.38,0,-22.44,0,-23.26
207,6.907,red,observed,1.0,19.27,,red,1,19.27,0,-22.57,0,-23.17
210,7.007,red,observed,1.0,19.84,,red,1,19.84,0,-22.31,0,-23.07
213,7.107,red,observed,1.0,19.49,,red,1,19.49,0,-22.51,0,-23.0
216,7.207,red,observed,1.0,19.57,,red,1,19.57,0,-23.3,0,-23.13
219,7.307,red,observed,1.0,19.11,,red,1,19.11,0,-22.57,0,-23.63
222,7.407,red,observed,1.0,19.24,,red,1,19.24,0,-23.1,0,-23.23
225,7.508,red,observed,1.0,19.3,,red,1,19.3,0,-22.71,0,-23.3
228,7.608,red,observed,1.0,19.13,,red,1,19.13,0,-23.3,0,-23.23
231,7.708,red,observed,1.0,19.19,,red,1,19.19,0,-23.23,0,-23.2
234,7.808,red,observed,1.0,19.13,,red,1,19.13,0,-22.97,0,-23.07
237,7.908,red,observed,1.0,19.22,,red,1,19.22,0,-23.69,0,-23.23
240,8.008,red,observed,1.0,19.08,,red,1,19.08,0,-23.17,0,-23.13
243,8.108,red,observed,1.0,19.43,,red,1,19.43,0,-23.3,0,-22.74
246,8.208,red,observed,1.0,19.38,,red,1,19.38,0,-23.49,0,-23.59
249,8.308,red,observed,1.0,19.16,,red,1,19.16,0,-22.18,0,-23.46
252,8.408,red,observed,1.0,19.3,,red,1,19.3,0,-23.3,0,-23.66
255,8.508,red,observed,1.0,19.08,,red,1,19.08,0,-22.64,0,-23.1
258,8.609,red,observed,1.0,19.16,,red,1,19.16,0,-22.71,0,-23.36
261,8.709,red,observed,1.0,19.6,,red,1,19.6,0,-22.77,0,-23.17
264,8.809,red,observed,1.0,19.32,,red,1,19.32,0,-22.71,0,-23.13
267,8.909,red,observed,1.0,19.65,,red,1,19.65,0,-22.9,0,-23.59
270,9.009,red,observed,1.0,19.43,,red,1,19.43,0,-22.97,0,-23.43
273,9.109,red,observed,1.0,19.11,,red,1,19.11,0,-23.03,0,-23.56
276,9.209,red,observed,1.0,19.27,,red,1,19.27,0,-23.69,0,-23.3
279,9.309,red,observed,1.0,19.41,,red,1,19.41,0,-22.24,0,-22.93
282,9.409,red,observed,1.0,19.41,,red,1,19.41,0,-23.1,0,-23.59
285,9.51,red,observed,1.0,19.51,,red,1,19.51,0,-23.43,0,-23.07
288,9.61,red,observed,1.0,19.71,,red,1,19.71,0,-23.17,0,-23.13
291,9.71,red,observed,1.0,19.62,,red,1,19.62,0,-22.51,0,-23.53
294,9.81,red,observed,1.0,19.3,,red,1,19.3,0,-22.84,0,-23.43
297,9.91,red,observed,1.0,19.71,,red,1,19.71,0,-23.03,0,-23.56
300,10.01,red,observed,1.0,19.38,,red,1,19.38,0,-23.1,0,-23.53
303,10.11,red,observed,1.0,19.46,,red,1,19.46,0,-23.63,0,-23.5
306,10.21,red,observed,1.0,19.38,,red,1,19.38,0,-22.77,0,-23.46
309,10.31,red,observed,1.0,19.35,,red,1,19.35,0,-22.44,0,-23.89
312,10.41,red,observed,1.0,19.46,,red,1,19.46,0,-23.1,0,-23.59
315,10.51,red,observed,1.0,19.32,,red,1,19.32,0,-22.57,0,-23.53
318,10.611,red,observed,1.0,19.73,,red,1,19.73,0,-22.64,0,-23.3
321,10.711,red,observed,1.0,19.49,,red,1,19.49,0,-23.36,0,-23.63
324,10.811,red,observed,1.0,19.57,,red,1,19.57,0,-23.63,0,-23.46
327,10.911,red,observed,1.0,19.54,,red,1,19.54,0,-22.77,0,-23.53
330,11.011,red,observed,1.0,18.92,,red,1,18.92,0,-22.71,0,-23.4
333,11.111,red,observed,1.0,18.92,,red,1,18.92,0,-23.3,0,-23.2
336,11.211,red,observed,1.0,19.35,,red,1,19.35,0,-22.9,0,-22.7
339,11.311,red,observed,1.0,19.16,,red,1,19.16,0,-23.23,0,-23.33
342,11.411,red,observed,1.0,19.11,,red,1,19.11,0,-23.1,0,-23.17
345,11.512,red,observed,1.0,18.75,,red,1,18.75,0,-23.49,0,-23.26
348,11.612,red,observed,1.0,19.22,,red,1,19.22,0,-22.77,0,-23.5
351,11.712,red,observed,1.0,19.32,,red,1,19.32,0,-22.71,0,-23.13
354,11.812,red,observed,1.0,19.24,,red,1,19.24,0,-22.84,0,-23.53
357,11.912,red,observed,1.0,19.51,,red,1,19.51,0,-22.64,0,-23.36
360,12.012,red,observed,1.0,19.46,,red,1,19.46,0,-22.51,0,-23.07
363,12.112,red,observed,1.0,19.27,,red,1,19.27,0,-23.1,0,-23.23
366,12.212,red,observed,1.0,19.16,,red,1,19.16,0,-22.44,0,-23.59
369,12.312,red,observed,1.0,19.27,,red,1,19.27,0,-23.3,0,-23.56
372,12.412,red,observed,1.0,19.3,,red,1,19.3,0,-23.43,0,-22.9
375,12.513,red,observed,1.0,19.49,,red,1,19.49,0,-22.9,0,-23.5
378,12.613,red,observed,1.0,19.65,,red,1,19.65,0,-22.24,0,-23.17
381,12.713,red,observed,1.0,19.41,,red,1,19.41,0,-22.38,0,-23.53
384,12.813,red,observed,1.0,19.54,,red,1,19.54,0,-23.03,0,-23.5
387,12.913,red,observed,1.0,19.38,,red,1,19.38,0,-23.1,0,-23.46
390,13.013,red,observed,1.0,19.41,,red,1,19.41,0,-22.97,0,-23.59
393,13.113,red,observed,1.0,19.19,,red,1,19.19,0,-22.31,0,-23.66
396,13.213,red,observed,1.0,19.6,,red,1,19.6,0,-22.38,0,-23.66
399,13.313,red,observed,1.0,19.08,,red,1,19.08,0,-23.1,0,-23.53
402,13.413,red,observed,1.0,19.41,,red,1,19.41,0,-23.03,0,-23.36
405,13.514,red,observed,1.0,19.24,,red,1,19.24,0,-23.43,0,-23.13
408,13.614,red,observed,1.0,19.24,,red,1,19.24,0,-23.56,0,-23.13
411,13.714,red,observed,1.0,19.32,,red,1,19.32,0,-22.84,0,-23.46
414,13.814,red,observed,1.0,19.62,,red,1,19.62,0,-23.03,0,-23.2
417,13.914,red,observed,1.0,19.16,,red,1,19.16,0,-22.97,0,-23.0
420,14.014,red,observed,1.0,19.3,,red,1,19.3,0,-23.49,0,-23.17
423,14.114,red,observed,1.0,19.32,,red,1,19.32,0,-22.64,0,-23.2
426,14.214,red,observed,1.0,19.19,,red,1,19.19,0,-23.1,0,-22.9
429,14.314,red,observed,1.0,19.51,,red,1,19.51,0,-22.84,0,-23.36
432,14.414,red,observed,1.0,19.3,,red,1,19.3,0,-22.97,0,-23.17
435,14.514,red,observed,1.0,19.05,,red,1,19.05,0,-23.23,0,-23.26
438,14.615,red,observed,1.0,18.86,,red,1,18.86,0,-23.03,0,-23.13
441,14.715,red,observed,1.0,18.86,,red,1,18.86,0,-22.97,0,-23.23
444,14.815,red,observed,1.0,19.11,,red,1,19.11,0,-23.63,0,-23.92
447,14.915,red,observed,1.0,19.16,,red,1,19.16,0,-23.49,0,-23.26
450,15.015,red,observed,1.0,19.16,,red,1,19.16,0,-22.71,0,-23.56
453,15.115,red,observed,1.0,19.27,,red,1,19.27,0,-22.77,0,-23.26
456,15.215,red,observed,1.0,19.24,,red,1,19.24,0,-22.77,0,-23.17
459,15.315,red,observed,1.0,18.97,,red,1,18.97,0,-23.1,0,-23.4
462,15.415,red,observed,1.0,19.43,,red,1,19.43,0,-22.24,0,-22.97
465,15.516,red,observed,1.0,18.83,,red,1,18.83,0,-22.9,0,-22.97
468,15.616,red,observed,1.0,19.08,,red,1,19.08,0,-23.43,0,-23.46
471,15.716,red,observed,1.0,19.16,,red,1,19.16,0,-23.36,0,-23.36
474,15.816,red,observed,1.0,18.97,,red,1,18.97,0,-22.77,0,-23.07
477,15.916,red,observed,1.0,19.38,,red,1,19.38,0,-22.77,0,-23.23
480,16.016,red,observed,1.0,19.41,,red,1,19.41,0,-22.71,0,-23.33
483,16.116,red,observed,1.0,19.3,,red,1,19.3,0,-22.97,0,-22.74
486,16.216,red,observed,1.0,19.13,,red,1,19.13,0,-22.97,0,-23.13
489,16.316,red,observed,1.0,19.11,,red,1,19.11,0,-22.97,0,-23.69
492,16.416,red,observed,1.0,19.27,,red,1,19.27,0,-23.36,0,-23.43
495,16.516,red,observed,1.0,19.38,,red,1,19.38,0,-23.3,0,-23.1
498,16.617,red,observed,1.0,19.35,,red,1,19.35,0,-22.11,0,-23.4
501,16.717,red,observed,1.0,19.43,,red,1,19.43,0,-22.57,0,-22.87
504,16.817,red,observed,1.0,19.32,,red,1,19.32,0,-22.44,0,-23.36
507,16.917,red,observed,1.0,18.94,,red,1,18.94,0,-22.11,0,-23.33
510,17.017,red,observed,1.0,19.3,,red,1,19.3,0,-22.9,0,-23.33
513,17.117,red,observed,1.0,19.03,,red,1,19.03,0,-22.9,0,-23.23
516,17.217,red,observed,1.0,19.11,,red,1,19.11,0,-22.57,0,-23.17
519,17.317,red,observed,1.0,19.19,,red,1,19.19,0,-22.38,0,-23.36
522,17.417,red,observed,1.0,19.6,,red,1,19.6,0,-23.69,0,-23.5
525,17.518,red,observed,1.0,19.3,,red,1,19.3,0,-22.64,0,-23.4
528,17.618,red,observed,1.0,19.03,,red,1,19.03,0,-22.64,0,-23.0
531,17.718,red,observed,1.0,19.16,,red,1,19.16,0,-22.51,0,-23.43
534,17.818,red,observed,1.0,19.27,,red,1,19.27,0,-23.17,0,-23.0
537,17.918,red,observed,1.0,19.41,,red,1,19.41,0,-22.64,0,-22.93
540,18.018,red,observed,1.0,19.49,,red,1,19.49,0,-23.3,0,-23.46
543,18.118,red,observed,1.0,19.49,,red,1,19.49,0,-22.44,0,-23.17
546,18.218,red,observed,1.0,19.43,,red,1,19.43,0,-23.17,0,-23.07
549,18.318,red,observed,1.0,19.43,,red,1,19.43,0,-23.63,0,-22.97
552,18.418,red,observed,1.0,19.73,,red,1,19.73,0,-22.51,0,-23.23
555,18.518,red,observed,1.0,19.38,,red,1,19.38,0,-22.9,0,-23.07
558,18.619,red,observed,1.0,19.6,,red,1,19.6,0,-22.84,0,-23.23
561,18.719,red,observed,1.0,19.46,,red,1,19.46,0,-23.23,0,-23.07
564,18.819,red,observed,1.0,19.32,,red,1,19.32,0,-23.36,0,-23.4
567,18.919,red,observed,1.0,19.41,,red,1,19.41,0,-22.84,0,-23.69
570,19.019,red,observed,1.0,19.19,,red,1,19.19,0,-22.71,0,-23.46
573,19.119,red,observed,1.0,19.6,,red,1,19.6,0,-22.97,0,-23.33
576,19.219,red,observed,1.0,19.71,,red,1,19.71,0,-22.9,0,-22.84
579,19.319,red,observed,1.0,19.62,,red,1,19.62,0,-23.1,0,-23.23
582,19.419,red,observed,1.0,19.41,,red,1,19.41,0,-22.77,0,-23.0
585,19.52,red,observed,1.0,19.68,,red,1,19.68,0,-22.57,0,-22.87
588,19.62,red,observed,1.0,19.68,,red,1,19.68,0,-23.3,0,-23.23
591,19.72,red,observed,1.0,19.51,,red,1,19.51,0,-22.24,0,-23.13
594,19.82,red,observed,1.0,19.35,,red,1,19.35,0,-22.71,0,-23.53
597,19.92,red,observed,1.0,19.54,,red,1,19.54,0,-21.85,0,-23.63
600,20.02,red,observed,1.0,19.3,,red,1,19.3,0,-23.03,0,-23.2
603,20.12,red,observed,1.0,19.38,,red,1,19.38,0,-23.17,0,-23.23
606,20.22,red,observed,1.0,19.13,,red,1,19.13,0,-22.31,0,-23.1
609,20.32,red,observed,1.0,19.43,,red,1,19.43,0,-23.3,0,-23.36
612,20.42,red,observed,1.0,19.3,,red,1,19.3,0,-22.77,0,-23.17
615,20.521,red,observed,1.0,19.3,,red,1,19.3,0,-22.77,0,-23.76
618,20.621,red,observed,1.0,19.49,,red,1,19.49,0,-22.31,0,-23.66
621,20.721,red,observed,1.0,19.73,,red,1,19.73,0,-23.1,0,-23.13
624,20.821,red,observed,1.0,19.79,,red,1,19.79,0,-22.84,0,-23.33
627,20.921,red,observed,1.0,19.87,,red,1,19.87,0,-22.57,0,-23.56
630,21.021,red,observed,1.0,19.27,,red,1,19.27,0,-23.3,0,-23.33
633,21.121,red,observed,1.0,19.22,,red,1,19.22,0,-23.1,0,-23.36
636,21.221,red,observed,1.0,19.65,,red,1,19.65,0,-23.49,0,-22.77
639,21.321,red,observed,1.0,19.43,,red,1,19.43,0,-22.97,0,-22.7
642,21.421,red,observed,1.0,19.54,,red,1,19.54,0,-23.76,0,-23.53
645,21.522,red,observed,1.0,19.57,,red,1,19.57,0,-22.77,0,-23.33
648,21.622,red,observed,1.0,19.49,,red,1,19.49,0,-23.1,0,-22.74
651,21.722,red,observed,1.0,19.81,,red,1,19.81,0,-22.97,0,-23.46
654,21.822,red,observed,1.0,19.73,,red,1,19.73,0,-22.97,0,-23.17
657,21.922,red,observed,1.0,19.43,,red,1,19.43,0,-23.17,0,-23.07
660,22.022,red,observed,1.0,19.46,,red,1,19.46,0,-23.3,0,-23.4
663,22.122,red,observed,1.0,19.46,,red,1,19.46,0,-22.9,0,-23.83
666,22.222,red,observed,1.0,19.51,,red,1,19.51,0,-23.43,0,-23.1
669,22.322,red,observed,1.0,19.22,,red,1,19.22,0,-23.03,0,-23.07
672,22.422,red,observed,1.0,19.6,,red,1,19.6,0,-22.44,0,-23.73
675,22.522,red,observed,1.0,19.38,,red,1,19.38,0,-22.71,0,-23.26
678,22.623,red,observed,1.0,19.68,,red,1,19.68,0,-22.51,0,-23.5
681,22.723,red,observed,1.0,19.38,,red,1,19.38,0,-22.51,0,-23.36
684,22.823,red,observed,1.0,19.32,,red,1,19.32,0,-22.64,0,-23.1
687,22.923,red,observed,1.0,19.05,,red,1,19.05,0,-22.64,0,-23.33
690,23.023,red,observed,1.0,19.05,,red,1,19.05,0,-22.44,0,-23.17
693,23.123,red,observed,1.0,19.38,,red,1,19.38,0,-22.51,0,-23.46
696,23.223,red,observed,1.0,19.11,,red,1,19.11,0,-23.36,0,-23.33
699,23.323,red,observed,1.0,19.65,,red,1,19.65,0,-23.3,0,-23.5
702,23.423,red,observed,1.0,19.73,,red,1,19.73,0,-22.38,0,-23.26
705,23.524,red,observed,1.0,19.6,,red,1,19.6,0,-23.1,0,-23.23
708,23.624,red,observed,1.0,19.46,,red,1,19.46,0,-23.17,0,-23.17
711,23.724,red,observed,1.0,19.43,,red,1,19.43,0,-23.3,0,-23.17
714,23.824,red,observed,1.0,19.0,,red,1,19.0,0,-22.84,0,-23.4
717,23.924,red,observed,1.0,19.27,,red,1,19.27,0,-23.03,0,-23.3
720,24.024,red,observed,1.0,19.19,,red,1,19.19,0,-22.71,0,-22.97
723,24.124,red,observed,1.0,19.46,,red,1,19.46,0,-22.77,0,-23.56
726,24.224,red,observed,1.0,19.41,,red,1,19.41,0,-23.03,0,-23.33
729,24.324,red,observed,1.0,19.46,,red,1,19.46,0,-22.84,0,-23.23
732,24.424,red,observed,1.0,19.38,,red,1,19.38,0,-22.64,0,-23.4
735,24.524,red,observed,1.0,19.65,,red,1,19.65,0,-21.98,0,-23.23
738,24.625,red,observed,1.0,19.08,,red,1,19.08,0,-22.57,0,-23.1
741,24.725,red,observed,1.0,19.19,,red,1,19.19,0,-22.84,0,-23.36
744,24.825,red,observed,1.0,19.41,,red,1,19.41,0,-22.77,0,-23.4
747,24.925,red,observed,1.0,19.46,,red,1,19.46,0,-22.97,0,-23.33
750,25.025,red,observed,1.0,19.27,,red,1,19.27,0,-22.51,0,-23.07
753,25.125,red,observed,1.0,19.3,,red,1,19.3,0,-22.64,0,-23.03
756,25.225,red,observed,1.0,19.0,,red,1,19.0,0,-22.71,0,-23.23
759,25.325,red,observed,1.0,19.54,,red,1,19.54,0,-22.57,0,-23.36
762,25.425,red,observed,1.0,19.51,,red,1,19.51,0,-22.64,0,-22.77
765,25.526,red,observed,1.0,19.08,,red,1,19.08,0,-22.57,0,-23.07
768,25.626,red,observed,1.0,19.62,,red,1,19.62,0,-22.71,0,-23.2
771,25.726,red,observed,1.0,19.0,,red,1,19.0,0,-23.63,0,-22.9
774,25.826,red,observed,1.0,19.49,,red,1,19.49,0,-22.97,0,-23.3
777,25.926,red,observed,1.0,19.27,,red,1,19.27,0,-22.24,0,-23.13
780,26.026,red,observed,1.0,19.43,,red,1,19.43,0,-23.49,0,-23.4
783,26.126,red,observed,1.0,19.35,,red,1,19.35,0,-23.23,0,-23.33
786,26.226,red,observed,1.0,19.35,,red,1,19.35,0,-23.17,0,-23.33
789,26.326,red,observed,1.0,19.43,,red,1,19.43,0,-22.9,0,-23.17
792,26.426,red,observed,1.0,19.46,,red,1,19.46,0,-22.97,0,-23.56
795,26.527,red,observed,1.0,19.19,,red,1,19.19,0,-22.84,0,-23.1
798,26.627,red,observed,1.0,19.71,,red,1,19.71,0,-23.63,0,-23.23
801,26.727,red,observed,1.0,19.16,,red,1,19.16,0,-22.11,0,-23.17
804,26.827,red,observed,1.0,19.6,,red,1,19.6,0,-22.38,0,-23.26
807,26.927,red,observed,1.0,19.71,,red,1,19.71,0,-23.43,0,-23.4
810,27.027,red,observed,1.0,19.24,,red,1,19.24,0,-23.49,0,-23.66
813,27.127,red,observed,1.0,19.11,,red,1,19.11,0,-22.97,0,-23.56
816,27.227,red,observed,1.0,19.13,,red,1,19.13,0,-23.49,0,-23.53
819,27.327,red,observed,1.0,19.3,,red,1,19.3,0,-23.49,0,-23.0
822,27.427,red,observed,1.0,19.6,,red,1,19.6,0,-23.69,0,-23.3
825,27.528,red,observed,1.0,19.19,,red,1,19.19,0,-23.17,0,-23.4
828,27.628,red,observed,1.0,19.32,,red,1,19.32,0,-22.57,0,-23.43
831,27.728,red,observed,1.0,19.05,,red,1,19.05,0,-23.23,0,-23.17
834,27.828,red,observed,1.0,19.22,,red,1,19.22,0,-23.1,0,-23.17
837,27.928,red,observed,1.0,19.22,,red,1,19.22,0,-22.57,0,-22.7
840,28.028,red,observed,1.0,19.38,,red,1,19.38,0,-23.23,0,-23.3
843,28.128,red,observed,1.0,18.92,,red,1,18.92,0,-23.23,0,-23.46
846,28.228,red,observed,1.0,19.32,,red,1,19.32,0,-23.3,0,-22.84
849,28.328,red,observed,1.0,19.35,,red,1,19.35,0,-22.64,0,-23.53
852,28.428,red,observed,1.0,19.24,,red,1,19.24,0,-22.84,0,-23.0
855,28.528,red,observed,1.0,19.11,,red,1,19.11,0,-23.17,0,-23.73
858,28.629,red,observed,1.0,19.49,,red,1,19.49,0,-23.03,0,-23.23
861,28.729,red,observed,1.0,19.38,,red,1,19.38,0,-22.64,0,-23.26
864,28.829,red,observed,1.0,19.65,,red,1,19.65,0,-23.23,0,-23.3
867,28.929,red,observed,1.0,19.62,,red,1,19.62,0,-22.24,0,-22.87
870,29.029,red,observed,1.0,19.76,,red,1,19.76,0,-23.17,0,-23.46
873,29.129,red,observed,1.0,19.51,,red,1,19.51,0,-23.03,0,-23.43
876,29.229,red,observed,1.0,19.68,,red,1,19.68,0,-22.97,0,-23.3
879,29.329,red,observed,1.0,19.65,,red,1,19.65,0,-22.77,0,-23.13
882,29.429,red,observed,1.0,19.62,,red,1,19.62,0,-23.56,0,-23.2
885,29.53,red,observed,1.0,20.03,,red,1,20.03,0,-23.43,0,-23.17
888,29.63,red,observed,1.0,19.54,,red,1,19.54,0,-23.1,0,-22.93
891,29.73,red,observed,1.0,19.95,,red,1,19.95,0,-22.38,0,-23.13
894,29.83,red,observed,1.0,19.79,,red,1,19.79,0,-22.24,0,-23.1
897,29.93,red,observed,1.0,19.98,,red,1,19.98,0,-22.77,0,-23.46
900,30.03,red,observed,1.0,19.41,,red,1,19.41,0,-22.51,0,-23.23
903,30.13,red,observed,1.0,19.6,,red,1,19.6,0,-22.44,0,-23.13
906,30.23,red,observed,1.0,19.79,,red,1,19.79,0,-22.18,0,-23.53
909,30.33,red,observed,1.0,18.94,,red,1,18.94,0,-22.24,0,-23.43
912,30.43,red,observed,1.0,19.46,,red,1,19.46,0,-22.38,0,-22.97
915,30.53,red,observed,1.0,19.41,,red,1,19.41,0,-22.77,0,-23.3
918,30.631,red,observed,1.0,19.27,,red,1,19.27,0,-23.3,0,-23.26
921,30.731,red,observed,1.0,19.43,,red,1,19.43,0,-22.64,0,-23.59
924,30.831,red,observed,1.0,19.46,,red,1,19.46,0,-23.43,0,-23.23
927,30.931,red,observed,1.0,19.46,,red,1,19.46,0,-22.11,0,-23.46
930,31.031,red,observed,1.0,19.68,,red,1,19.68,0,-22.24,0,-23.2
933,31.131,red,observed,1.0,19.71,,red,1,19.71,0,-22.31,0,-23.43
936,31.231,red,observed,1.0,19.41,,red,1,19.41,0,-22.57,0,-23.4
939,31.331,red,observed,1.0,19.46,,red,1,19.46,0,-22.24,0,-23.3
942,31.431,red,observed,1.0,19.49,,red,1,19.49,0,-22.31,0,-23.5
945,31.532,red_amber,observed,1.0,19.41,,red_amber,1,19.41,1,24.35,0,-22.87
948,31.632,red_amber,observed,1.0,19.54,,red_amber,1,19.54,1,24.42,0,-23.63
951,31.732,red_amber,observed,1.0,19.43,,red_amber,1,19.43,1,23.76,0,-23.07
954,31.832,red_amber,observed,1.0,19.71,,red_amber,1,19.71,1,22.9,0,-23.3
957,31.932,red_amber,observed,1.0,19.6,,red_amber,1,19.6,1,22.44,0,-23.53
960,32.032,red_amber,observed,1.0,19.54,,red_amber,1,19.54,1,22.64,0,-23.89
963,32.132,red_amber,observed,1.0,19.62,,red_amber,1,19.62,1,22.38,0,-23.23
966,32.232,red_amber,observed,1.0,19.62,,red_amber,1,19.62,1,22.38,0,-23.5
969,32.332,red_amber,observed,1.0,19.87,,red_amber,1,19.87,1,22.31,0,-23.46
972,32.432,red_amber,observed,1.0,19.68,,red_amber,1,19.68,1,21.72,0,-23.56
975,32.532,red_amber,observed,1.0,19.68,,red_amber,1,19.68,1,22.24,0,-23.69
978,32.633,red_amber,observed,1.0,19.24,,red_amber,1,19.24,1,22.64,0,-23.26
981,32.733,red_amber,observed,1.0,19.49,,red_amber,1,19.49,1,22.18,0,-23.5
984,32.833,red_amber,observed,1.0,19.49,,red_amber,1,19.49,1,22.31,0,-23.2
987,32.933,red_amber,observed,1.0,19.57,,red_amber,1,19.57,1,21.32,0,-23.53
990,33.033,red_amber,observed,1.0,19.65,,red_amber,1,19.65,1,21.85,0,-23.76
993,33.133,red_amber,observed,1.0,19.62,,red_amber,1,19.62,1,21.72,0,-23.69
996,33.233,red_amber,observed,1.0,19.13,,red_amber,1,19.13,1,20.53,0,-23.26
999,33.333,red_amber,observed,1.0,19.41,,red_amber,1,19.41,1,21.06,0,-23.03
1002,33.433,red_amber,observed,1.0,19.49,,red_amber,1,19.49,1,21.52,0,-23.17
1005,33.534,red_amber,observed,1.0,19.49,,red_amber,1,19.49,1,21.39,0,-23.46
1008,33.634,red_amber,observed,1.0,19.38,,red_amber,1,19.38,1,21.26,0,-23.26
1011,33.734,red_amber,observed,1.0,19.79,,red_amber,1,19.79,1,21.39,0,-23.63
1014,33.834,red_amber,observed,1.0,19.57,,red_amber,1,19.57,1,21.06,0,-23.56
1017,33.934,red_amber,observed,1.0,19.22,,red_amber,1,19.22,1,21.39,0,-23.33
1020,34.034,red_amber,observed,1.0,19.51,,red_amber,1,19.51,1,21.19,0,-23.4
1023,34.134,red_amber,observed,1.0,19.6,,red_amber,1,19.6,1,21.45,0,-23.26
1026,34.234,red_amber,observed,1.0,19.46,,red_amber,1,19.46,1,21.32,0,-23.66
1029,34.334,red_amber,observed,1.0,19.84,,red_amber,1,19.84,1,21.65,0,-23.2
1032,34.434,red_amber,observed,1.0,19.41,,red_amber,1,19.41,1,20.93,0,-23.26
1035,34.534,green,observed,1.0,19.76,,green,0,-19.76,0,-22.24,1,21.91
1038,34.635,green,observed,1.0,21.15,,green,0,-21.15,0,-22.64,1,22.01
1041,34.735,green,observed,1.0,21.18,,green,0,-21.18,0,-23.36,1,22.18
1044,34.835,green,observed,1.0,21.15,,green,0,-21.15,0,-22.51,1,21.94
1047,34.935,green,observed,1.0,20.79,,green,0,-20.79,0,-22.9,1,22.34
1050,35.035,green,observed,1.0,20.79,,green,0,-20.79,0,-23.3,1,21.85
1053,35.135,green,observed,1.0,20.74,,green,0,-20.74,0,-23.03,1,21.81
1056,35.235,green,observed,1.0,20.88,,green,0,-20.88,0,-23.82,1,22.08
1059,35.335,green,observed,1.0,21.07,,green,0,-21.07,0,-22.77,1,21.94
1062,35.435,green,observed,1.0,20.88,,green,0,-20.88,0,-23.23,1,21.91
1065,35.536,green,observed,1.0,20.93,,green,0,-20.93,0,-23.56,1,21.94
1068,35.636,green,observed,1.0,20.96,,green,0,-20.96,0,-23.43,1,21.88
1071,35.736,green,observed,1.0,20.6,,green,0,-20.6,0,-22.84,1,22.01
1074,35.836,green,observed,1.0,21.04,,green,0,-21.04,0,-23.82,1,21.91
1077,35.936,green,observed,1.0,21.01,,green,0,-21.01,0,-23.76,1,21.91
1080,36.036,green,observed,1.0,21.26,,green,0,-21.26,0,-23.36,1,22.24
1083,36.136,green,observed,1.0,20.96,,green,0,-20.96,0,-23.76,1,22.18
1086,36.236,green,observed,1.0,20.88,,green,0,-20.88,0,-23.56,1,21.88
1089,36.336,green,observed,1.0,20.96,,green,0,-20.96,0,-22.77,1,22.21
1092,36.436,green,observed,1.0,20.58,,green,0,-20.58,0,-23.89,1,22.34
1095,36.537,green,observed,1.0,20.47,,green,0,-20.47,0,-23.36,1,22.57
1098,36.637,green,observed,1.0,20.71,,green,0,-20.71,0,-23.36,1,22.34
1101,36.737,green,observed,1.0,20.44,,green,0,-20.44,0,-22.77,1,22.37
1104,36.837,green,observed,1.0,20.69,,green,0,-20.69,0,-23.03,1,22.27
1107,36.937,green,observed,1.0,20.93,,green,0,-20.93,0,-23.36,1,22.31
1110,37.037,green,observed,1.0,21.18,,green,0,-21.18,0,-23.43,1,22.41
1113,37.137,green,observed,1.0,21.01,,green,0,-21.01,0,-22.38,1,22.24
1116,37.237,green,observed,1.0,20.98,,green,0,-20.98,0,-23.49,1,22.31
1119,37.337,green,observed,1.0,20.79,,green,0,-20.79,0,-23.17,1,22.57
1122,37.437,green,observed,1.0,20.63,,green,0,-20.63,0,-23.23,1,22.24
1125,37.538,green,observed,1.0,20.88,,green,0,-20.88,0,-23.17,1,22.51
1128,37.638,green,observed,1.0,20.85,,green,0,-20.85,0,-23.17,1,22.74
1131,37.738,green,observed,1.0,20.85,,green,0,-20.85,0,-22.71,1,22.37
1134,37.838,green,observed,1.0,20.69,,green,0,-20.69,0,-22.77,1,22.21
1137,37.938,green,observed,1.0,20.74,,green,0,-20.74,0,-22.84,1,22.74
1140,38.038,green,observed,1.0,20.82,,green,0,-20.82,0,-22.84,1,22.64
1143,38.138,green,observed,1.0,20.88,,green,0,-20.88,0,-23.82,1,22.18
1146,38.238,green,observed,1.0,20.82,,green,0,-20.82,0,-22.71,1,22.21
1149,38.338,green,observed,1.0,21.07,,green,0,-21.07,0,-23.03,1,22.34
1152,38.438,green,observed,1.0,20.88,,green,0,-20.88,0,-23.43,1,22.51
1155,38.538,green,observed,1.0,20.98,,green,0,-20.98,0,-22.84,1,22.41
1158,38.639,green,observed,1.0,20.85,,green,0,-20.85,0,-22.64,1,22.31
1161,38.739,green,observed,1.0,20.74,,green,0,-20.74,0,-22.77,1,22.41
1164,38.839,green,observed,1.0,20.85,,green,0,-20.85,0,-22.64,1,22.41
1167,38.939,green,observed,1.0,20.93,,green,0,-20.93,0,-23.17,1,22.31
1170,39.039,green,observed,1.0,20.69,,green,0,-20.69,0,-22.38,1,22.51
1173,39.139,green,observed,1.0,20.85,,green,0,-20.85,0,-23.36,1,22.54
1176,39.239,green,observed,1.0,21.09,,green,0,-21.09,0,-23.49,1,22.01
1179,39.339,green,observed,1.0,20.25,,green,0,-20.25,0,-22.44,1,22.24
1182,39.439,green,observed,1.0,20.69,,green,0,-20.69,0,-22.84,1,22.51
1185,39.54,green,observed,1.0,20.9,,green,0,-20.9,0,-22.97,1,22.31
1188,39.64,green,observed,1.0,20.82,,green,0,-20.82,0,-22.84,1,21.98
1191,39.74,green,observed,1.0,21.07,,green,0,-21.07,0,-23.43,1,22.21
1194,39.84,green,observed,1.0,21.04,,green,0,-21.04,0,-23.36,1,22.27
1197,39.94,green,observed,1.0,20.88,,green,0,-20.88,0,-22.51,1,22.27
1200,40.04,green,observed,1.0,21.01,,green,0,-21.01,0,-23.3,1,22.18
1203,40.14,green,observed,1.0,21.2,,green,0,-21.2,0,-23.23,1,22.34
1206,40.24,green,observed,1.0,20.71,,green,0,-20.71,0,-22.44,1,22.41
1209,40.34,green,observed,1.0,20.79,,green,0,-20.79,0,-23.17,1,22.37
1212,40.44,green,observed,1.0,20.9,,green,0,-20.9,0,-22.9,1,22.44
1215,40.54,green,observed,1.0,20.98,,green,0,-20.98,0,-22.97,1,22.27
1218,40.641,green,observed,1.0,20.52,,green,0,-20.52,0,-23.36,1,22.57
1221,40.741,green,observed,1.0,20.88,,green,0,-20.88,0,-23.36,1,22.44
1224,40.841,green,observed,1.0,20.44,,green,0,-20.44,0,-24.02,1,22.54
1227,40.941,green,observed,1.0,21.26,,green,0,-21.26,0,-23.36,1,22.24
1230,41.041,green,observed,1.0,20.69,,green,0,-20.69,0,-23.3,1,22.21
1233,41.141,green,observed,1.0,20.58,,green,0,-20.58,0,-23.56,1,22.21
1236,41.241,green,observed,1.0,20.74,,green,0,-20.74,0,-22.77,1,22.18
1239,41.341,green,observed,1.0,20.47,,green,0,-20.47,0,-22.51,1,22.31
1242,41.441,green,observed,1.0,20.79,,green,0,-20.79,0,-23.36,1,21.81
1245,41.542,green,observed,1.0,20.58,,green,0,-20.58,0,-22.38,1,22.08
1248,41.642,green,observed,1.0,20.82,,green,0,-20.82,0,-23.17,1,22.08
1251,41.742,green,observed,1.0,20.69,,green,0,-20.69,0,-22.97,1,21.91
1254,41.842,green,observed,1.0,20.96,,green,0,-20.96,0,-23.49,1,21.61
1257,41.942,green,observed,1.0,20.6,,green,0,-20.6,0,-22.84,1,22.04
1260,42.042,green,observed,1.0,20.79,,green,0,-20.79,0,-23.17,1,21.88
1263,42.142,green,observed,1.0,20.96,,green,0,-20.96,0,-23.23,1,22.14
1266,42.242,green,observed,1.0,20.74,,green,0,-20.74,0,-22.51,1,21.71
1269,42.342,green,observed,1.0,20.93,,green,0,-20.93,0,-23.1,1,21.94
1272,42.442,green,observed,1.0,20.93,,green,0,-20.93,0,-23.69,1,21.88
1275,42.543,green,observed,1.0,20.6,,green,0,-20.6,0,-23.96,1,21.91
1278,42.643,green,observed,1.0,21.07,,green,0,-21.07,0,-23.1,1,21.98
1281,42.743,green,observed,1.0,20.39,,green,0,-20.39,0,-22.71,1,22.34
1284,42.843,green,observed,1.0,20.85,,green,0,-20.85,0,-23.03,1,22.21
1287,42.943,green,observed,1.0,20.79,,green,0,-20.79,0,-22.9,1,22.11
1290,43.043,green,observed,1.0,20.55,,green,0,-20.55,0,-23.23,1,22.18
1293,43.143,green,observed,1.0,20.85,,green,0,-20.85,0,-22.57,1,22.18
1296,43.243,green,observed,1.0,20.93,,green,0,-20.93,0,-23.49,1,22.44
1299,43.343,green,observed,1.0,20.69,,green,0,-20.69,0,-23.03,1,22.37
1302,43.443,green,observed,1.0,20.93,,green,0,-20.93,0,-22.64,1,22.31
1305,43.544,green,observed,1.0,20.85,,green,0,-20.85,0,-23.43,1,22.44
1308,43.644,green,observed,1.0,20.55,,green,0,-20.55,0,-23.17,1,22.47
1311,43.744,green,observed,1.0,20.63,,green,0,-20.63,0,-23.43,1,22.7
1314,43.844,green,observed,1.0,20.63,,green,0,-20.63,0,-22.64,1,22.54
1317,43.944,green,observed,1.0,20.82,,green,0,-20.82,0,-22.9,1,22.44
1320,44.044,green,observed,1.0,20.82,,green,0,-20.82,0,-22.64,1,22.8
1323,44.144,green,observed,1.0,20.74,,green,0,-20.74,0,-22.9,1,23.07
1326,44.244,green,observed,1.0,20.98,,green,0,-20.98,0,-23.03,1,23.07
1329,44.344,green,observed,1.0,21.04,,green,0,-21.04,0,-23.23,1,23.1
1332,44.444,green,observed,1.0,20.93,,green,0,-20.93,0,-23.43,1,22.84
1335,44.544,green,observed,1.0,20.71,,green,0,-20.71,0,-23.17,1,23.36
1338,44.645,green,observed,1.0,20.63,,green,0,-20.63,0,-23.1,1,22.77
1341,44.745,green,observed,1.0,21.04,,green,0,-21.04,0,-23.49,1,23.36
1344,44.845,green,observed,1.0,20.77,,green,0,-20.77,0,-22.84,1,23.2
1347,44.945,green,observed,1.0,20.77,,green,0,-20.77,0,-22.71,1,23.4
1350,45.045,green,observed,1.0,20.85,,green,0,-20.85,0,-22.57,1,23.23
1353,45.145,green,observed,1.0,20.79,,green,0,-20.79,0,-22.64,1,23.2
1356,45.245,green,observed,1.0,20.85,,green,0,-20.85,0,-22.84,1,23.46
1359,45.345,green,observed,1.0,20.93,,green,0,-20.93,0,-22.9,1,23.2
1362,45.445,green,observed,1.0,20.93,,green,0,-20.93,0,-23.23,1,23.36
1365,45.546,green,observed,1.0,20.98,,green,0,-20.98,0,-23.03,1,23.33
1368,45.646,green,observed,1.0,20.96,,green,0,-20.96,0,-24.09,1,23.13
1371,45.746,green,observed,1.0,20.77,,green,0,-20.77,0,-23.69,1,23.17
1374,45.846,green,observed,1.0,21.09,,green,0,-21.09,0,-23.76,1,23.4
1377,45.946,green,observed,1.0,20.93,,green,0,-20.93,0,-23.03,1,23.4
1380,46.046,green,observed,1.0,20.58,,green,0,-20.58,0,-23.63,1,23.1
1383,46.146,green,observed,1.0,20.96,,green,0,-20.96,0,-23.03,1,23.3
1386,46.246,green,observed,1.0,20.82,,green,0,-20.82,0,-23.3,1,23.03
1389,46.346,green,observed,1.0,21.01,,green,0,-21.01,0,-23.3,1,23.07
1392,46.446,green,observed,1.0,20.74,,green,0,-20.74,0,-22.77,1,23.59
1395,46.546,green,observed,1.0,20.77,,green,0,-20.77,0,-23.1,1,23.43
1398,46.647,green,observed,1.0,21.04,,green,0,-21.04,0,-23.23,1,23.53
1401,46.747,green,observed,1.0,20.66,,green,0,-20.66,0,-23.23,1,23.26
1404,46.847,green,observed,1.0,20.82,,green,0,-20.82,0,-23.3,1,23.23
1407,46.947,green,observed,1.0,21.07,,green,0,-21.07,0,-23.3,1,23.17
1410,47.047,green,observed,1.0,20.93,,green,0,-20.93,0,-23.56,1,22.97
1413,47.147,green,observed,1.0,20.96,,green,0,-20.96,0,-22.71,1,22.84
1416,47.247,green,observed,1.0,20.93,,green,0,-20.93,0,-23.76,1,22.93
1419,47.347,green,observed,1.0,20.82,,green,0,-20.82,0,-22.71,1,23.07
1422,47.447,green,observed,1.0,21.42,,green,0,-21.42,0,-23.3,1,22.84
1425,47.548,green,observed,1.0,20.63,,green,0,-20.63,0,-23.89,1,22.84
1428,47.648,green,observed,1.0,20.96,,green,0,-20.96,0,-24.02,1,22.54
1431,47.748,green,observed,1.0,20.82,,green,0,-20.82,0,-23.1,1,22.93
1434,47.848,green,observed,1.0,21.07,,green,0,-21.07,0,-22.84,1,23.0
1437,47.948,green,observed,1.0,21.18,,green,0,-21.18,0,-23.69,1,22.9
1440,48.048,green,observed,1.0,20.69,,green,0,-20.69,0,-23.23,1,22.9
1443,48.148,green,observed,1.0,20.96,,green,0,-20.96,0,-23.76,1,22.24
1446,48.248,green,observed,1.0,21.04,,green,0,-21.04,0,-23.89,1,22.37
1449,48.348,green,observed,1.0,21.23,,green,0,-21.23,0,-23.23,1,22.01
1452,48.448,green,observed,1.0,21.15,,green,0,-21.15,0,-23.56,1,22.27
1455,48.549,green,observed,1.0,20.88,,green,0,-20.88,0,-22.9,1,22.14
1458,48.649,green,observed,1.0,20.69,,green,0,-20.69,0,-23.49,1,22.14
1461,48.749,green,observed,1.0,20.71,,green,0,-20.71,0,-23.56,1,22.04
1464,48.849,green,observed,1.0,20.71,,green,0,-20.71,0,-23.43,1,22.11
1467,48.949,green,observed,1.0,20.96,,green,0,-20.96,0,-22.97,1,21.91
1470,49.049,green,observed,1.0,20.63,,green,0,-20.63,0,-22.9,1,22.11
1473,49.149,green,observed,1.0,20.96,,green,0,-20.96,0,-23.03,1,21.85
1476,49.249,green,observed,1.0,20.63,,green,0,-20.63,0,-22.97,1,21.85
1479,49.349,green,observed,1.0,21.12,,green,0,-21.12,0,-23.1,1,21.98
1482,49.449,green,observed,1.0,20.66,,green,0,-20.66,0,-22.71,1,22.31
1485,49.55,green,observed,1.0,21.01,,green,0,-21.01,0,-22.77,1,22.21
1488,49.65,green,observed,1.0,21.07,,green,0,-21.07,0,-21.98,1,22.21
1491,49.75,green,observed,1.0,20.88,,green,0,-20.88,0,-23.43,1,22.01
1494,49.85,green,observed,1.0,20.63,,green,0,-20.63,0,-22.77,1,22.57
1497,49.95,green,observed,1.0,21.2,,green,0,-21.2,0,-23.49,1,22.14
1500,50.05,green,observed,1.0,21.12,,green,0,-21.12,0,-22.9,1,22.7
1503,50.15,green,observed,1.0,20.58,,green,0,-20.58,0,-23.49,1,22.14
1506,50.25,green,observed,1.0,20.74,,green,0,-20.74,0,-23.1,1,22.44
1509,50.35,green,observed,1.0,20.82,,green,0,-20.82,0,-23.36,1,22.27
1512,50.45,green,observed,1.0,21.12,,green,0,-21.12,0,-22.57,1,22.47
1515,50.55,green,observed,1.0,21.09,,green,0,-21.09,0,-23.56,1,22.11
1518,50.651,green,observed,1.0,21.28,,green,0,-21.28,0,-22.71,1,22.04
1521,50.751,green,observed,1.0,21.01,,green,0,-21.01,0,-22.77,1,22.11
1524,50.851,green,observed,1.0,20.63,,green,0,-20.63,0,-24.15,1,22.6
1527,50.951,green,observed,1.0,20.77,,green,0,-20.77,0,-23.03,1,22.18
1530,51.051,green,observed,1.0,20.9,,green,0,-20.9,0,-23.17,1,21.98
1533,51.151,green,observed,1.0,20.82,,green,0,-20.82,0,-23.69,1,22.67
1536,51.251,green,observed,1.0,20.79,,green,0,-20.79,0,-23.17,1,22.34
1539,51.351,green,observed,1.0,21.2,,green,0,-21.2,0,-23.17,1,22.44
1542,51.451,green,observed,1.0,20.79,,green,0,-20.79,0,-23.43,1,22.18
1545,51.552,green,observed,1.0,21.07,,green,0,-21.07,0,-23.63,1,22.24
1548,51.652,green,observed,1.0,20.85,,green,0,-20.85,0,-22.77,1,22.54
1551,51.752,green,observed,1.0,21.04,,green,0,-21.04,0,-22.64,1,22.47
1554,51.852,green,observed,1.0,20.85,,green,0,-20.85,0,-23.76,1,22.51
1557,51.952,green,observed,1.0,20.9,,green,0,-20.9,0,-23.56,1,22.74
1560,52.052,green,observed,1.0,21.04,,green,0,-21.04,0,-23.36,1,22.31
1563,52.152,green,observed,1.0,21.07,,green,0,-21.07,0,-23.17,1,22.54
1566,52.252,green,observed,1.0,20.96,,green,0,-20.96,0,-24.15,1,22.57
1569,52.352,green,observed,1.0,20.85,,green,0,-20.85,0,-23.82,1,22.57
1572,52.452,green,observed,1.0,20.52,,green,0,-20.52,0,-23.1,1,22.74
1575,52.552,green,observed,1.0,20.66,,green,0,-20.66,0,-23.36,1,22.77
1578,52.653,green,observed,1.0,21.04,,green,0,-21.04,0,-22.57,1,22.84
1581,52.753,green,observed,1.0,20.71,,green,0,-20.71,0,-22.97,1,22.54
1584,52.853,green,observed,1.0,20.93,,green,0,-20.93,0,-23.89,1,22.97
1587,52.953,green,observed,1.0,21.15,,green,0,-21.15,0,-23.56,1,22.93
1590,53.053,green,observed,1.0,21.01,,green,0,-21.01,0,-23.89,1,22.97
1593,53.153,green,observed,1.0,21.01,,green,0,-21.01,0,-23.1,1,23.0
1596,53.253,green,observed,1.0,21.07,,green,0,-21.07,0,-23.56,1,23.1
1599,53.353,green,observed,1.0,21.01,,green,0,-21.01,0,-22.84,1,23.23
1602,53.453,green,observed,1.0,21.12,,green,0,-21.12,0,-23.69,1,23.3
1605,53.554,green,observed,1.0,21.15,,green,0,-21.15,0,-23.36,1,23.17
1608,53.654,green,observed,1.0,21.15,,green,0,-21.15,0,-23.49,1,23.23
1611,53.754,green,observed,1.0,21.09,,green,0,-21.09,0,-23.17,1,23.69
1614,53.854,green,observed,1.0,21.09,,green,0,-21.09,0,-22.9,1,23.43
1617,53.954,green,observed,1.0,21.15,,green,0,-21.15,0,-23.76,1,23.46
1620,54.054,green,observed,1.0,21.01,,green,0,-21.01,0,-24.35,1,23.46
1623,54.154,green,observed,1.0,20.93,,green,0,-20.93,0,-23.23,1,23.26
1626,54.254,green,observed,1.0,21.15,,green,0,-21.15,0,-23.03,1,23.56
1629,54.354,green,observed,1.0,21.01,,green,0,-21.01,0,-23.43,1,24.06
1632,54.454,green,observed,1.0,21.04,,green,0,-21.04,0,-23.43,1,23.69
1635,54.555,green,observed,1.0,20.93,,green,0,-20.93,0,-23.03,1,24.02
1638,54.655,green,observed,1.0,20.96,,green,0,-20.96,0,-23.63,1,23.99
1641,54.755,green,observed,1.0,20.85,,green,0,-20.85,0,-23.63,1,24.19
1644,54.855,green,observed,1.0,20.88,,green,0,-20.88,0,-23.69,1,24.25
1647,54.955,green,observed,1.0,20.79,,green,0,-20.79,0,-23.43,1,24.22
1650,55.055,green,observed,1.0,20.88,,green,0,-20.88,0,-23.23,1,23.69
1653,55.155,green,observed,1.0,20.82,,green,0,-20.82,0,-23.1,1,23.63
1656,55.255,green,observed,1.0,21.34,,green,0,-21.34,0,-24.02,1,23.99
1659,55.355,green,observed,1.0,21.09,,green,0,-21.09,0,-24.15,1,24.09
1662,55.455,green,observed,1.0,21.28,,green,0,-21.28,0,-23.1,1,24.09
1665,55.556,green,observed,1.0,20.88,,green,0,-20.88,0,-23.63,1,24.12
1668,55.656,green,observed,1.0,21.31,,green,0,-21.31,0,-24.09,1,24.16
1671,55.756,green,observed,1.0,20.96,,green,0,-20.96,0,-22.71,1,24.02
1674,55.856,green,observed,1.0,21.28,,green,0,-21.28,0,-23.76,1,24.22
1677,55.956,green,observed,1.0,20.52,,green,0,-20.52,0,-24.02,1,24.19
1680,56.056,green,observed,1.0,20.96,,green,0,-20.96,0,-23.63,1,24.42
1683,56.156,green,observed,1.0,20.79,,green,0,-20.79,0,-24.02,1,24.19
1686,56.256,green,observed,1.0,21.09,,green,0,-21.09,0,-24.28,1,24.62
1689,56.356,green,observed,1.0,20.74,,green,0,-20.74,0,-23.23,1,24.52
1692,56.456,green,observed,1.0,20.88,,green,0,-20.88,0,-23.96,1,24.35
1695,56.556,green,observed,1.0,20.9,,green,0,-20.9,0,-24.15,1,24.16
1698,56.657,green,observed,1.0,20.74,,green,0,-20.74,0,-23.96,1,24.06
1701,56.757,green,observed,1.0,21.2,,green,0,-21.2,0,-23.23,1,24.68
1704,56.857,green,observed,1.0,20.96,,green,0,-20.96,0,-23.56,1,24.45
1707,56.957,green,observed,1.0,20.9,,green,0,-20.9,0,-22.9,1,24.75
1710,57.057,green,observed,1.0,21.28,,green,0,-21.28,0,-23.69,1,24.22
1713,57.157,green,observed,1.0,20.98,,green,0,-20.98,0,-24.75,1,23.89
1716,57.257,green,observed,1.0,20.69,,green,0,-20.69,0,-24.22,1,23.79
1719,57.357,green,observed,1.0,21.01,,green,0,-21.01,0,-23.76,1,24.12
1722,57.457,green,observed,1.0,20.98,,green,0,-20.98,0,-23.49,1,23.96
1725,57.558,green,observed,1.0,21.2,,green,0,-21.2,0,-22.97,1,23.86
1728,57.658,green,observed,1.0,21.42,,green,0,-21.42,0,-23.69,1,23.73
1731,57.758,green,observed,1.0,20.96,,green,0,-20.96,0,-23.17,1,23.63
1734,57.858,green,observed,1.0,20.85,,green,0,-20.85,0,-22.9,1,23.5
1737,57.958,green,observed,1.0,20.85,,green,0,-20.85,0,-23.3,1,23.56
1740,58.058,green,observed,1.0,21.39,,green,0,-21.39,0,-24.61,1,23.79
1743,58.158,green,observed,1.0,20.93,,green,0,-20.93,0,-23.23,1,23.89
1746,58.258,green,observed,1.0,21.12,,green,0,-21.12,0,-22.84,1,23.76
1749,58.358,green,observed,1.0,20.77,,green,0,-20.77,0,-24.35,1,23.76
1752,58.458,green,observed,1.0,20.79,,green,0,-20.79,0,-23.69,1,23.66
1755,58.558,green,observed,1.0,20.85,,green,0,-20.85,0,-23.96,1,23.76
1758,58.659,green,observed,1.0,20.82,,green,0,-20.82,0,-23.63,1,23.89
1761,58.759,green,observed,1.0,20.88,,green,0,-20.88,0,-23.56,1,23.79
1764,58.859,green,observed,1.0,20.88,,green,0,-20.88,0,-24.28,1,23.56
1767,58.959,green,observed,1.0,20.93,,green,0,-20.93,0,-23.03,1,24.35
1770,59.059,green,observed,1.0,20.98,,green,0,-20.98,0,-23.3,1,23.92
1773,59.159,green,observed,1.0,20.96,,green,0,-20.96,0,-24.02,1,24.16
1776,59.259,green,observed,1.0,20.69,,green,0,-20.69,0,-23.1,1,24.06
1779,59.359,green,observed,1.0,20.88,,green,0,-20.88,0,-23.3,1,24.16
1782,59.459,green,observed,1.0,20.9,,green,0,-20.9,0,-23.49,1,23.86
1785,59.56,green,observed,1.0,20.93,,green,0,-20.93,0,-23.69,1,24.39
1788,59.66,green,observed,1.0,21.15,,green,0,-21.15,0,-23.63,1,24.19
1791,59.76,green,observed,1.0,21.07,,green,0,-21.07,0,-23.89,1,24.35
1794,59.86,green,observed,1.0,20.96,,green,0,-20.96,0,-23.82,1,24.62
1797,59.96,green,observed,1.0,20.93,,green,0,-20.93,0,-24.09,1,24.49
1800,60.06,green,observed,1.0,20.96,,green,0,-20.96,0,-24.02,1,24.49
1803,60.16,green,observed,1.0,21.56,,green,0,-21.56,0,-23.96,1,24.75
1806,60.26,green,observed,1.0,20.85,,green,0,-20.85,0,-23.36,1,24.32
1809,60.36,green,observed,1.0,21.28,,green,0,-21.28,0,-24.15,1,24.45
1812,60.46,green,observed,1.0,21.18,,green,0,-21.18,0,-23.43,1,24.19
1815,60.56,green,observed,1.0,20.82,,green,0,-20.82,0,-23.82,1,24.75
1818,60.661,green,observed,1.0,21.45,,green,0,-21.45,0,-23.69,1,24.39
1821,60.761,green,observed,1.0,21.28,,green,0,-21.28,0,-23.76,1,24.49
1824,60.861,green,observed,1.0,20.98,,green,0,-20.98,0,-23.17,1,24.32
1827,60.961,green,observed,1.0,21.28,,green,0,-21.28,0,-24.09,1,24.62
1830,61.061,green,observed,1.0,20.88,,green,0,-20.88,0,-24.42,1,24.35
1833,61.161,green,observed,1.0,20.69,,green,0,-20.69,0,-23.69,1,24.49
1836,61.261,green,observed,1.0,21.04,,green,0,-21.04,0,-23.82,1,24.32
1839,61.361,green,observed,1.0,21.09,,green,0,-21.09,0,-24.48,1,24.35
1842,61.461,green,observed,1.0,21.07,,green,0,-21.07,0,-24.28,1,24.16
1845,61.562,green,observed,1.0,21.04,,green,0,-21.04,0,-23.56,1,24.35
1848,61.662,green,observed,1.0,21.37,,green,0,-21.37,0,-23.1,1,24.42
1851,61.762,green,observed,1.0,20.93,,green,0,-20.93,0,-23.49,1,24.39
1854,61.862,green,observed,1.0,21.23,,green,0,-21.23,0,-22.97,1,24.35
1857,61.962,green,observed,1.0,20.79,,green,0,-20.79,0,-24.02,1,24.35
1860,62.062,green,observed,1.0,20.98,,green,0,-20.98,0,-23.63,1,24.52
1863,62.162,green,observed,1.0,20.88,,green,0,-20.88,0,-24.15,1,24.65
1866,62.262,green,observed,1.0,21.04,,green,0,-21.04,0,-23.96,1,24.52
1869,62.362,green,observed,1.0,20.74,,green,0,-20.74,0,-23.76,1,25.08
1872,62.462,green,observed,1.0,21.12,,green,0,-21.12,0,-24.35,1,24.82
1875,62.562,green,observed,1.0,20.85,,green,0,-20.85,0,-24.61,1,24.85
1878,62.663,green,observed,1.0,21.37,,green,0,-21.37,0,-23.63,1,24.55
1881,62.763,green,observed,1.0,21.18,,green,0,-21.18,0,-23.56,1,24.55
1884,62.863,green,observed,1.0,21.12,,green,0,-21.12,0,-23.76,1,24.52
1887,62.963,green,observed,1.0,21.07,,green,0,-21.07,0,-23.76,1,24.78
1890,63.063,green,observed,1.0,21.31,,green,0,-21.31,0,-23.23,1,24.45
1893,63.163,green,observed,1.0,21.15,,green,0,-21.15,0,-24.15,1,24.72
1896,63.263,green,observed,1.0,21.18,,green,0,-21.18,0,-23.69,1,25.08
1899,63.363,green,observed,1.0,21.39,,green,0,-21.39,0,-23.96,1,25.18
1902,63.463,green,observed,1.0,20.69,,green,0,-20.69,0,-23.56,1,25.08
1905,63.564,green,observed,1.0,20.88,,green,0,-20.88,0,-24.55,1,24.62
1908,63.664,green,observed,1.0,21.18,,green,0,-21.18,0,-24.35,1,24.82
1911,63.764,green,observed,1.0,21.15,,green,0,-21.15,0,-24.02,1,25.15
1914,63.864,green,observed,1.0,20.79,,green,0,-20.79,0,-24.61,1,24.95
1917,63.964,green,observed,1.0,21.28,,green,0,-21.28,0,-23.56,1,25.01
1920,64.064,green,observed,1.0,21.18,,green,0,-21.18,0,-24.28,1,25.28
1923,64.164,green,observed,1.0,20.82,,green,0,-20.82,0,-24.68,1,25.01
1926,64.264,green,observed,1.0,20.63,,green,0,-20.63,0,-24.02,1,25.11
1929,64.364,green,observed,1.0,20.71,,green,0,-20.71,0,-24.68,1,25.15
1932,64.464,green,observed,1.0,21.31,,green,0,-21.31,0,-23.76,1,25.05
1935,64.564,green,observed,1.0,21.04,,green,0,-21.04,0,-24.09,1,25.34
1938,64.665,green,observed,1.0,21.04,,green,0,-21.04,0,-23.76,1,25.44
1941,64.765,green,observed,1.0,21.15,,green,0,-21.15,0,-23.36,1,25.28
1944,64.865,green,observed,1.0,21.39,,green,0,-21.39,0,-25.27,1,25.38
1947,64.965,green,observed,1.0,21.18,,green,0,-21.18,0,-23.69,1,25.41
1950,65.065,green,observed,1.0,20.88,,green,0,-20.88,0,-23.36,1,25.21
1953,65.165,green,observed,1.0,20.9,,green,0,-20.9,0,-23.82,1,25.48
1956,65.265,green,observed,1.0,20.71,,green,0,-20.71,0,-24.55,1,25.57
1959,65.365,green,observed,1.0,20.77,,green,0,-20.77,0,-23.96,1,25.51
1962,65.465,green,observed,1.0,21.34,,green,0,-21.34,0,-23.82,1,25.24
1965,65.566,green,observed,1.0,21.01,,green,0,-21.01,0,-24.55,1,25.41
1968,65.666,green,observed,1.0,21.04,,green,0,-21.04,0,-24.75,1,25.61
1971,65.766,green,observed,1.0,21.04,,green,0,-21.04,0,-24.94,1,25.44
1974,65.866,green,observed,1.0,21.07,,green,0,-21.07,0,-25.14,1,25.24
1977,65.966,green,observed,1.0,20.98,,green,0,-20.98,0,-24.61,1,25.41
1980,66.066,green,observed,1.0,21.2,,green,0,-21.2,0,-24.61,1,25.9
1983,66.166,green,observed,1.0,21.04,,green,0,-21.04,0,-24.48,1,25.57
1986,66.266,green,observed,1.0,21.37,,green,0,-21.37,0,-24.02,1,25.67
1989,66.366,green,observed,1.0,21.18,,green,0,-21.18,0,-25.21,1,25.84
1992,66.466,green,observed,1.0,20.71,,green,0,-20.71,0,-23.96,1,25.81
1995,66.566,green,observed,1.0,20.71,,green,0,-20.71,0,-24.15,1,25.54
1998,66.667,green,observed,1.0,21.26,,green,0,-21.26,0,-23.56,1,25.31
2001,66.767,green,observed,1.0,21.12,,green,0,-21.12,0,-24.75,1,25.54
2004,66.867,green,observed,1.0,21.15,,green,0,-21.15,0,-24.02,1,25.41
2007,66.967,green,observed,1.0,21.09,,green,0,-21.09,0,-23.23,1,25.31
2010,67.067,green,observed,1.0,21.47,,green,0,-21.47,0,-23.82,1,25.21
2013,67.167,green,observed,1.0,21.09,,green,0,-21.09,0,-24.55,1,25.18
2016,67.267,green,observed,1.0,20.98,,green,0,-20.98,0,-24.02,1,25.15
2019,67.367,green,observed,1.0,20.96,,green,0,-20.96,0,-23.36,1,25.44
2022,67.467,green,observed,1.0,21.28,,green,0,-21.28,0,-24.22,1,25.38
2025,67.568,green,observed,1.0,20.96,,green,0,-20.96,0,-24.81,1,25.54
2028,67.668,green,observed,1.0,21.15,,green,0,-21.15,0,-23.63,1,25.31
2031,67.768,green,observed,1.0,21.47,,green,0,-21.47,0,-23.49,1,25.28
2034,67.868,green,observed,1.0,20.96,,green,0,-20.96,0,-24.28,1,25.44
2037,67.968,green,observed,1.0,20.74,,green,0,-20.74,0,-24.02,1,25.44
2040,68.068,green,observed,1.0,20.71,,green,0,-20.71,0,-23.63,1,25.64
2043,68.168,green,observed,1.0,21.31,,green,0,-21.31,0,-24.15,1,24.88
2046,68.268,green,observed,1.0,20.93,,green,0,-20.93,0,-23.96,1,25.38
2049,68.368,green,observed,1.0,21.28,,green,0,-21.28,0,-24.02,1,25.24
2052,68.468,green,observed,1.0,21.45,,green,0,-21.45,0,-23.49,1,25.44
2055,68.568,green,observed,1.0,21.07,,green,0,-21.07,0,-23.82,1,24.98
2058,68.669,green,observed,1.0,21.23,,green,0,-21.23,0,-24.28,1,24.88
2061,68.769,green,observed,1.0,21.12,,green,0,-21.12,0,-23.3,1,24.82
2064,68.869,green,observed,1.0,21.31,,green,0,-21.31,0,-23.96,1,24.68
2067,68.969,green,observed,1.0,20.98,,green,0,-20.98,0,-24.09,1,24.85
2070,69.069,green,observed,1.0,21.53,,green,0,-21.53,0,-23.76,1,24.85
2073,69.169,green,observed,1.0,20.74,,green,0,-20.74,0,-24.09,1,24.75
2076,69.269,green,observed,1.0,21.09,,green,0,-21.09,0,-24.28,1,25.01
2079,69.369,green,observed,1.0,21.2,,green,0,-21.2,0,-24.81,1,24.91
2082,69.469,green_blink,observed,1.0,8.18,,green_flash,0,-21.23,0,-23.63,0,-8.18
2085,69.57,unknown,occluded,0.0,21.07,occluded,occluded,0,-21.07,0,-23.43,0,-22.84
2088,69.67,unknown,occluded,0.0,21.5,occluded,occluded,0,-21.5,0,-24.42,0,-23.23
2091,69.77,unknown,occluded,0.0,21.34,occluded,occluded,0,-21.34,0,-24.35,0,-22.93
2094,69.87,unknown,occluded,0.0,21.83,occluded,occluded,0,-21.83,0,-23.96,0,-23.07
2097,69.97,green_blink,observed,1.0,20.93,,green,0,-20.93,0,-23.96,1,23.43
2100,70.07,green_blink,observed,1.0,21.04,,green,0,-21.04,0,-24.55,1,24.52
2103,70.17,green_blink,observed,1.0,20.88,,green,0,-20.88,0,-24.61,1,24.65
2106,70.27,green_blink,observed,1.0,21.23,,green,0,-21.23,0,-24.15,1,24.49
2109,70.37,green_blink,observed,1.0,21.37,,green,0,-21.37,0,-25.01,1,24.32
2112,70.47,unknown,occluded,0.0,8.78,occluded,occluded,0,-21.09,0,-24.61,0,-8.78
2115,70.57,unknown,occluded,0.0,21.01,occluded,occluded,0,-21.01,0,-24.42,0,-22.93
2118,70.671,unknown,occluded,0.0,21.15,occluded,occluded,0,-21.15,0,-24.55,0,-23.26
2121,70.771,green_blink,observed,1.0,21.23,,green_flash,0,-21.23,0,-23.89,0,-23.5
2124,70.871,green_blink,observed,1.0,20.98,,green_flash,0,-20.98,0,-24.48,0,-23.17
2127,70.971,green_blink,observed,1.0,21.23,,green,0,-21.23,0,-23.36,1,23.59
2130,71.071,green_blink,observed,1.0,21.39,,green,0,-21.39,0,-24.61,1,24.55
2133,71.171,green_blink,observed,1.0,21.2,,green,0,-21.2,0,-24.35,1,24.58
2136,71.271,green_blink,observed,1.0,21.37,,green,0,-21.37,0,-24.22,1,24.45
2139,71.371,green_blink,observed,1.0,21.34,,green,0,-21.34,0,-22.84,1,24.29
2142,71.471,green_blink,observed,1.0,10.33,,green_flash,0,-21.2,0,-24.02,0,-10.33
2145,71.572,green_blink,observed,1.0,21.37,,green_flash,0,-21.37,0,-24.02,0,-23.1
2148,71.672,green_blink,observed,1.0,21.15,,green_flash,0,-21.15,0,-23.36,0,-23.63
2151,71.772,green_blink,observed,1.0,21.2,,green_flash,0,-21.2,0,-23.69,0,-23.5
2154,71.872,green_blink,observed,1.0,20.79,,green_flash,0,-20.79,0,-24.22,0,-23.36
2157,71.972,green_blink,observed,1.0,20.98,,green,0,-20.98,0,-23.63,1,23.46
2160,72.072,green_blink,observed,1.0,21.23,,green,0,-21.23,0,-25.53,1,24.75
2163,72.172,green_blink,observed,1.0,21.01,,green,0,-21.01,0,-24.22,1,24.72
2166,72.272,green_blink,observed,1.0,21.15,,green,0,-21.15,0,-23.89,1,24.55
2169,72.372,green_blink,observed,1.0,21.26,,green,0,-21.26,0,-24.35,1,24.95
2172,72.472,amber,observed,1.0,11.25,,amber,0,-20.9,1,22.64,0,-11.25
2175,72.572,amber,observed,1.0,20.85,,amber,0,-20.85,1,24.48,0,-23.53
2178,72.673,amber,observed,1.0,21.04,,amber,0,-21.04,1,24.15,0,-23.56
2181,72.773,amber,observed,1.0,20.66,,amber,0,-20.66,1,23.96,0,-23.4
2184,72.873,amber,observed,1.0,21.31,,amber,0,-21.31,1,23.43,0,-23.33
2187,72.973,amber,observed,1.0,20.77,,amber,0,-20.77,1,24.09,0,-23.26
2190,73.073,amber,observed,1.0,21.18,,amber,0,-21.18,1,24.42,0,-23.76
2193,73.173,amber,observed,1.0,20.98,,amber,0,-20.98,1,23.69,0,-23.73
2196,73.273,amber,observed,1.0,21.28,,amber,0,-21.28,1,24.09,0,-23.53
2199,73.373,amber,observed,1.0,21.12,,amber,0,-21.12,1,24.09,0,-23.69
2202,73.473,amber,observed,1.0,21.15,,amber,0,-21.15,1,24.28,0,-23.26
2205,73.574,amber,observed,1.0,21.47,,amber,0,-21.47,1,23.96,0,-23.43
2208,73.674,amber,observed,1.0,20.98,,amber,0,-20.98,1,24.42,0,-23.17
2211,73.774,amber,observed,1.0,20.98,,amber,0,-20.98,1,24.35,0,-23.53
2214,73.874,amber,observed,1.0,20.71,,amber,0,-20.71,1,24.81,0,-22.97
2217,73.974,amber,observed,1.0,21.04,,amber,0,-21.04,1,24.55,0,-23.26
2220,74.074,amber,observed,1.0,21.01,,amber,0,-21.01,1,24.15,0,-23.07
2223,74.174,amber,observed,1.0,20.88,,amber,0,-20.88,1,24.02,0,-23.73
2226,74.274,amber,observed,1.0,20.71,,amber,0,-20.71,1,24.48,0,-22.97
2229,74.374,amber,observed,1.0,20.82,,amber,0,-20.82,1,24.28,0,-23.56
2232,74.474,amber,observed,1.0,20.88,,amber,0,-20.88,1,24.68,0,-23.4
2235,74.574,amber,observed,1.0,20.69,,amber,0,-20.69,1,23.43,0,-23.83
2238,74.675,amber,observed,1.0,21.04,,amber,0,-21.04,1,24.68,0,-23.3
2241,74.775,amber,observed,1.0,21.47,,amber,0,-21.47,1,24.15,0,-23.83
2244,74.875,amber,observed,1.0,21.23,,amber,0,-21.23,1,24.22,0,-23.63
2247,74.975,amber,observed,1.0,21.2,,amber,0,-21.2,1,24.88,0,-23.86
2250,75.075,amber,observed,1.0,21.31,,amber,0,-21.31,1,24.68,0,-23.4
2253,75.175,amber,observed,1.0,21.31,,amber,0,-21.31,1,24.88,0,-22.93
2256,75.275,amber,observed,1.0,21.39,,amber,0,-21.39,1,24.81,0,-23.86
2259,75.375,amber,observed,1.0,21.09,,amber,0,-21.09,1,24.55,0,-23.26
2262,75.475,red,observed,1.0,20.53,,red,1,22.7,0,-20.53,0,-23.26
2265,75.576,red,observed,1.0,21.75,,red,1,21.75,0,-22.9,0,-23.26
2268,75.676,red,observed,1.0,22.16,,red,1,22.16,0,-23.89,0,-23.5
2271,75.776,red,observed,1.0,21.83,,red,1,21.83,0,-24.15,0,-23.5
2274,75.876,red,observed,1.0,22.32,,red,1,22.32,0,-23.89,0,-23.17
2277,75.976,red,observed,1.0,21.75,,red,1,21.75,0,-23.82,0,-23.56
2280,76.076,red,observed,1.0,21.77,,red,1,21.77,0,-23.56,0,-23.3
2283,76.176,red,observed,1.0,22.1,,red,1,22.1,0,-23.89,0,-23.53
2286,76.276,red,observed,1.0,22.13,,red,1,22.13,0,-24.55,0,-23.46
2289,76.376,red,observed,1.0,21.72,,red,1,21.72,0,-23.96,0,-22.84
2292,76.476,red,observed,1.0,21.75,,red,1,21.75,0,-23.96,0,-23.59
2295,76.576,red,observed,1.0,21.91,,red,1,21.91,0,-23.3,0,-23.36
2298,76.677,red,observed,1.0,21.86,,red,1,21.86,0,-23.76,0,-23.36
2301,76.777,red,observed,1.0,21.69,,red,1,21.69,0,-23.63,0,-23.33
2304,76.877,red,observed,1.0,21.58,,red,1,21.58,0,-24.02,0,-23.07
2307,76.977,red,observed,1.0,21.96,,red,1,21.96,0,-23.63,0,-23.33
2310,77.077,red,observed,1.0,21.96,,red,1,21.96,0,-23.49,0,-23.26
2313,77.177,red,observed,1.0,21.99,,red,1,21.99,0,-23.89,0,-23.33
2316,77.277,red,observed,1.0,22.16,,red,1,22.16,0,-23.36,0,-23.53
2319,77.377,red,observed,1.0,22.32,,red,1,22.32,0,-22.51,0,-23.07
2322,77.477,red,observed,1.0,21.8,,red,1,21.8,0,-23.49,0,-23.33
2325,77.578,red,observed,1.0,21.99,,red,1,21.99,0,-22.97,0,-23.43
2328,77.678,red,observed,1.0,21.69,,red,1,21.69,0,-23.49,0,-23.26
2331,77.778,red,observed,1.0,21.83,,red,1,21.83,0,-22.9,0,-23.13
2334,77.878,red,observed,1.0,22.07,,red,1,22.07,0,-23.23,0,-23.36
2337,77.978,red,observed,1.0,21.64,,red,1,21.64,0,-24.75,0,-23.07
2340,78.078,red,observed,1.0,22.02,,red,1,22.02,0,-23.76,0,-23.3
2343,78.178,red,observed,1.0,21.96,,red,1,21.96,0,-24.28,0,-23.07
2346,78.278,red,observed,1.0,21.91,,red,1,21.91,0,-23.56,0,-23.03
2349,78.378,red,observed,1.0,21.75,,red,1,21.75,0,-23.36,0,-23.92
2352,78.478,red,observed,1.0,22.07,,red,1,22.07,0,-22.77,0,-23.79
2355,78.578,red,observed,1.0,22.13,,red,1,22.13,0,-24.94,0,-22.97
2358,78.679,red,observed,1.0,21.88,,red,1,21.88,0,-23.96,0,-23.33
2361,78.779,red,observed,1.0,22.1,,red,1,22.1,0,-23.63,0,-23.2
2364,78.879,red,observed,1.0,22.64,,red,1,22.64,0,-24.48,0,-23.43
2367,78.979,red,observed,1.0,22.02,,red,1,22.02,0,-23.43,0,-22.8
2370,79.079,red,observed,1.0,22.45,,red,1,22.45,0,-23.36,0,-23.33
2373,79.179,red,observed,1.0,21.91,,red,1,21.91,0,-23.03,0,-23.4
2376,79.279,red,observed,1.0,22.1,,red,1,22.1,0,-23.1,0,-23.56
2379,79.379,red,observed,1.0,22.05,,red,1,22.05,0,-23.49,0,-22.8
2382,79.479,red,observed,1.0,22.35,,red,1,22.35,0,-23.82,0,-23.46
2385,79.58,red,observed,1.0,21.96,,red,1,21.96,0,-23.69,0,-22.93
2388,79.68,red,observed,1.0,21.67,,red,1,21.67,0,-23.36,0,-22.87
2391,79.78,red,observed,1.0,22.13,,red,1,22.13,0,-23.69,0,-22.97
2394,79.88,red,observed,1.0,21.77,,red,1,21.77,0,-24.28,0,-23.23
2397,79.98,red,observed,1.0,21.96,,red,1,21.96,0,-24.09,0,-23.5
2400,80.08,red,observed,1.0,21.86,,red,1,21.86,0,-23.63,0,-22.97
2403,80.18,red,observed,1.0,22.1,,red,1,22.1,0,-23.69,0,-22.8
2406,80.28,red,observed,1.0,22.16,,red,1,22.16,0,-23.82,0,-23.63
2409,80.38,red,observed,1.0,22.18,,red,1,22.18,0,-23.89,0,-23.59
2412,80.48,red,observed,1.0,22.18,,red,1,22.18,0,-24.48,0,-23.33
2415,80.58,red,observed,1.0,21.83,,red,1,21.83,0,-24.09,0,-23.2
2418,80.681,red,observed,1.0,22.21,,red,1,22.21,0,-23.56,0,-23.36
2421,80.781,red,observed,1.0,21.67,,red,1,21.67,0,-24.02,0,-23.69
2424,80.881,red,observed,1.0,22.02,,red,1,22.02,0,-23.43,0,-23.3
2427,80.981,red,observed,1.0,22.51,,red,1,22.51,0,-23.89,0,-23.26
2430,81.081,red,observed,1.0,22.13,,red,1,22.13,0,-24.22,0,-22.93
2433,81.181,red,observed,1.0,22.16,,red,1,22.16,0,-23.36,0,-23.4
2436,81.281,red,observed,1.0,22.16,,red,1,22.16,0,-22.77,0,-23.59
2439,81.381,red,observed,1.0,22.32,,red,1,22.32,0,-23.63,0,-22.97
2442,81.481,red,observed,1.0,22.18,,red,1,22.18,0,-22.64,0,-23.23
2445,81.582,red,observed,1.0,22.02,,red,1,22.02,0,-22.84,0,-23.4
2448,81.682,red,observed,1.0,21.83,,red,1,21.83,0,-22.9,0,-23.53
2451,81.782,red,observed,1.0,21.88,,red,1,21.88,0,-24.68,0,-23.73
2454,81.882,red,observed,1.0,21.88,,red,1,21.88,0,-23.69,0,-23.33
2457,81.982,red,observed,1.0,22.1,,red,1,22.1,0,-23.69,0,-23.17
2460,82.082,red,observed,1.0,22.16,,red,1,22.16,0,-24.09,0,-23.43
2463,82.182,red,observed,1.0,22.07,,red,1,22.07,0,-23.23,0,-22.9
2466,82.282,red,observed,1.0,22.24,,red,1,22.24,0,-23.56,0,-23.43
2469,82.382,red,observed,1.0,22.24,,red,1,22.24,0,-23.96,0,-23.43
2472,82.482,red,observed,1.0,22.02,,red,1,22.02,0,-23.76,0,-23.66
2475,82.582,red,observed,1.0,22.02,,red,1,22.02,0,-23.49,0,-22.9
2478,82.683,red,observed,1.0,22.32,,red,1,22.32,0,-22.44,0,-23.53
2481,82.783,red,observed,1.0,22.26,,red,1,22.26,0,-23.82,0,-24.06
2484,82.883,red,observed,1.0,21.88,,red,1,21.88,0,-22.71,0,-23.43
2487,82.983,red,observed,1.0,22.18,,red,1,22.18,0,-23.3,0,-23.33
2490,83.083,red,observed,1.0,22.21,,red,1,22.21,0,-23.23,0,-22.84
2493,83.183,red,observed,1.0,22.32,,red,1,22.32,0,-23.49,0,-23.13
2496,83.283,red,observed,1.0,22.18,,red,1,22.18,0,-24.61,0,-23.33
2499,83.383,red,observed,1.0,22.4,,red,1,22.4,0,-23.49,0,-23.17
2502,83.483,red,observed,1.0,22.4,,red,1,22.4,0,-22.51,0,-23.17
2505,83.584,red,observed,1.0,22.35,,red,1,22.35,0,-22.44,0,-23.13
2508,83.684,red,observed,1.0,22.18,,red,1,22.18,0,-22.71,0,-22.93
2511,83.784,red,observed,1.0,21.86,,red,1,21.86,0,-23.03,0,-23.33
2514,83.884,red,observed,1.0,22.32,,red,1,22.32,0,-23.82,0,-23.4
2517,83.984,red,observed,1.0,21.94,,red,1,21.94,0,-23.49,0,-23.79
2520,84.084,red,observed,1.0,22.37,,red,1,22.37,0,-23.63,0,-23.23
2523,84.184,red,observed,1.0,22.48,,red,1,22.48,0,-22.84,0,-23.3
2526,84.284,red,observed,1.0,22.21,,red,1,22.21,0,-23.43,0,-23.1
2529,84.384,red,observed,1.0,22.29,,red,1,22.29,0,-23.89,0,-23.17
2532,84.484,red,observed,1.0,21.94,,red,1,21.94,0,-23.96,0,-23.26
2535,84.584,red,observed,1.0,21.86,,red,1,21.86,0,-23.36,0,-22.9
2538,84.685,red,observed,1.0,22.21,,red,1,22.21,0,-23.96,0,-23.17
2541,84.785,red,observed,1.0,22.24,,red,1,22.24,0,-22.64,0,-22.97
2544,84.885,red,observed,1.0,22.29,,red,1,22.29,0,-22.9,0,-23.2
2547,84.985,red,observed,1.0,22.18,,red,1,22.18,0,-23.76,0,-23.43
2550,85.085,red,observed,1.0,22.21,,red,1,22.21,0,-23.76,0,-23.07
2553,85.185,red,observed,1.0,22.35,,red,1,22.35,0,-22.97,0,-23.0
2556,85.285,red,observed,1.0,22.18,,red,1,22.18,0,-23.56,0,-23.17
2559,85.385,red,observed,1.0,22.51,,red,1,22.51,0,-23.3,0,-23.36
2562,85.485,red,observed,1.0,21.83,,red,1,21.83,0,-23.49,0,-23.56
2565,85.586,red,observed,1.0,22.29,,red,1,22.29,0,-23.17,0,-23.59
2568,85.686,red,observed,1.0,21.96,,red,1,21.96,0,-23.36,0,-23.13
2571,85.786,red,observed,1.0,22.13,,red,1,22.13,0,-23.1,0,-23.59
2574,85.886,red,observed,1.0,22.18,,red,1,22.18,0,-22.57,0,-23.07
2577,85.986,red,observed,1.0,21.96,,red,1,21.96,0,-22.97,0,-23.73
2580,86.086,red,observed,1.0,22.51,,red,1,22.51,0,-24.15,0,-23.43
2583,86.186,red,observed,1.0,22.29,,red,1,22.29,0,-22.51,0,-23.46
2586,86.286,red,observed,1.0,22.18,,red,1,22.18,0,-22.77,0,-22.74
2589,86.386,red,observed,1.0,22.16,,red,1,22.16,0,-23.43,0,-23.3
2592,86.486,red,observed,1.0,22.16,,red,1,22.16,0,-22.84,0,-23.4
2595,86.586,red,observed,1.0,21.99,,red,1,21.99,0,-22.71,0,-22.9
2598,86.687,red,observed,1.0,21.99,,red,1,21.99,0,-22.77,0,-23.07
2601,86.787,red,observed,1.0,22.07,,red,1,22.07,0,-23.96,0,-22.74
2604,86.887,red,observed,1.0,22.29,,red,1,22.29,0,-22.77,0,-23.66
2607,86.987,red,observed,1.0,22.05,,red,1,22.05,0,-23.43,0,-22.93
2610,87.087,red,observed,1.0,21.64,,red,1,21.64,0,-23.69,0,-23.4
2613,87.187,red,observed,1.0,21.75,,red,1,21.75,0,-24.02,0,-23.46
2616,87.287,red,observed,1.0,22.24,,red,1,22.24,0,-23.89,0,-23.36
2619,87.387,red,observed,1.0,22.51,,red,1,22.51,0,-23.03,0,-23.53
2622,87.487,red,observed,1.0,22.37,,red,1,22.37,0,-22.77,0,-23.36
2625,87.588,red,observed,1.0,22.51,,red,1,22.51,0,-23.36,0,-22.93
2628,87.688,red,observed,1.0,21.96,,red,1,21.96,0,-23.89,0,-23.07
2631,87.788,red,observed,1.0,21.96,,red,1,21.96,0,-23.43,0,-23.2
2634,87.888,red,observed,1.0,22.1,,red,1,22.1,0,-22.71,0,-23.07
2637,87.988,red,observed,1.0,22.18,,red,1,22.18,0,-23.17,0,-23.23
2640,88.088,red,observed,1.0,22.45,,red,1,22.45,0,-23.23,0,-23.26
2643,88.188,red,observed,1.0,22.37,,red,1,22.37,0,-23.63,0,-22.9
2646,88.288,red,observed,1.0,21.86,,red,1,21.86,0,-23.56,0,-23.56
2649,88.388,red,observed,1.0,22.18,,red,1,22.18,0,-22.84,0,-23.23
2652,88.488,red,observed,1.0,22.7,,red,1,22.7,0,-22.9,0,-23.5
2655,88.588,red,observed,1.0,22.51,,red,1,22.51,0,-23.56,0,-23.5
2658,88.689,red,observed,1.0,22.21,,red,1,22.21,0,-23.49,0,-23.07
2661,88.789,red,observed,1.0,22.37,,red,1,22.37,0,-23.76,0,-23.07
2664,88.889,red,observed,1.0,21.8,,red,1,21.8,0,-22.71,0,-23.17
2667,88.989,red,observed,1.0,22.43,,red,1,22.43,0,-23.23,0,-23.53
2670,89.089,red,observed,1.0,22.4,,red,1,22.4,0,-23.82,0,-23.73
2673,89.189,red,observed,1.0,21.94,,red,1,21.94,0,-22.51,0,-23.23
2676,89.289,red,observed,1.0,21.96,,red,1,21.96,0,-24.22,0,-23.73
2679,89.389,red,observed,1.0,22.1,,red,1,22.1,0,-23.63,0,-23.89
2682,89.489,red,observed,1.0,22.35,,red,1,22.35,0,-22.97,0,-23.56
2685,89.59,red,observed,1.0,22.24,,red,1,22.24,0,-23.49,0,-23.0
2688,89.69,red,observed,1.0,22.75,,red,1,22.75,0,-24.35,0,-23.2
2691,89.79,red,observed,1.0,22.43,,red,1,22.43,0,-23.69,0,-23.4
2694,89.89,red,observed,1.0,22.24,,red,1,22.24,0,-24.02,0,-23.23
2697,89.99,red,observed,1.0,22.35,,red,1,22.35,0,-23.63,0,-22.51
2700,90.09,red,observed,1.0,22.16,,red,1,22.16,0,-23.03,0,-23.1
2703,90.19,red,observed,1.0,22.37,,red,1,22.37,0,-23.82,0,-22.9
2706,90.29,red,observed,1.0,22.48,,red,1,22.48,0,-24.02,0,-23.17
2709,90.39,red,observed,1.0,22.67,,red,1,22.67,0,-23.69,0,-23.03
2712,90.49,red,observed,1.0,21.94,,red,1,21.94,0,-23.76,0,-23.56
2715,90.59,red,observed,1.0,22.26,,red,1,22.26,0,-23.49,0,-23.36
2718,90.691,red,observed,1.0,21.99,,red,1,21.99,0,-23.69,0,-23.13
2721,90.791,red,observed,1.0,22.13,,red,1,22.13,0,-23.1,0,-23.26
2724,90.891,red,observed,1.0,22.75,,red,1,22.75,0,-22.97,0,-23.3
2727,90.991,red,observed,1.0,22.32,,red,1,22.32,0,-23.1,0,-23.3
2730,91.091,red,observed,1.0,22.48,,red,1,22.48,0,-23.49,0,-23.23
2733,91.191,red,observed,1.0,22.62,,red,1,22.62,0,-23.03,0,-23.26
2736,91.291,red,observed,1.0,22.51,,red,1,22.51,0,-22.9,0,-23.4
2739,91.391,red,observed,1.0,22.1,,red,1,22.1,0,-23.36,0,-23.5
2742,91.491,red,observed,1.0,22.56,,red,1,22.56,0,-22.97,0,-23.17
2745,91.592,red,observed,1.0,22.32,,red,1,22.32,0,-23.3,0,-23.43
2748,91.692,red,observed,1.0,22.16,,red,1,22.16,0,-23.23,0,-23.03
2751,91.792,red,observed,1.0,22.45,,red,1,22.45,0,-22.51,0,-23.33
2754,91.892,red,observed,1.0,22.51,,red,1,22.51,0,-23.43,0,-23.26
2757,91.992,red,observed,1.0,22.18,,red,1,22.18,0,-23.03,0,-23.46
2760,92.092,red,observed,1.0,21.96,,red,1,21.96,0,-23.1,0,-23.26
2763,92.192,red,observed,1.0,22.24,,red,1,22.24,0,-23.1,0,-23.0
2766,92.292,red,observed,1.0,22.78,,red,1,22.78,0,-23.17,0,-23.4
2769,92.392,red,observed,1.0,22.48,,red,1,22.48,0,-23.69,0,-23.59
2772,92.492,red,observed,1.0,22.24,,red,1,22.24,0,-22.84,0,-23.36
2775,92.592,red,observed,1.0,22.32,,red,1,22.32,0,-23.3,0,-23.46
2778,92.693,red,observed,1.0,22.54,,red,1,22.54,0,-23.76,0,-22.7
2781,92.793,red,observed,1.0,22.26,,red,1,22.26,0,-24.61,0,-23.4
2784,92.893,red,observed,1.0,22.26,,red,1,22.26,0,-23.17,0,-23.26
2787,92.993,red,observed,1.0,22.48,,red,1,22.48,0,-22.97,0,-22.97
2790,93.093,red,observed,1.0,21.96,,red,1,21.96,0,-23.23,0,-23.1
2793,93.193,red,observed,1.0,22.02,,red,1,22.02,0,-23.82,0,-22.84
2796,93.293,red,observed,1.0,22.05,,red,1,22.05,0,-23.63,0,-23.1
2799,93.393,red,observed,1.0,22.26,,red,1,22.26,0,-23.23,0,-23.43
2802,93.493,red,observed,1.0,22.37,,red,1,22.37,0,-22.9,0,-23.0
2805,93.594,red,observed,1.0,22.51,,red,1,22.51,0,-23.1,0,-23.17
2808,93.694,red,observed,1.0,22.16,,red,1,22.16,0,-23.03,0,-23.46
2811,93.794,red,observed,1.0,22.1,,red,1,22.1,0,-23.43,0,-23.17
2814,93.894,red,observed,1.0,22.32,,red,1,22.32,0,-23.56,0,-23.03
2817,93.994,red,observed,1.0,22.48,,red,1,22.48,0,-23.03,0,-23.53
2820,94.094,red,observed,1.0,22.43,,red,1,22.43,0,-24.02,0,-23.36
2823,94.194,red,observed,1.0,22.35,,red,1,22.35,0,-22.77,0,-22.97
2826,94.294,red,observed,1.0,22.13,,red,1,22.13,0,-22.97,0,-23.46
2829,94.394,red,observed,1.0,22.16,,red,1,22.16,0,-23.69,0,-23.07
2832,94.494,red,observed,1.0,22.29,,red,1,22.29,0,-24.09,0,-23.0
2835,94.594,red,observed,1.0,22.1,,red,1,22.1,0,-23.43,0,-23.43
2838,94.695,red,observed,1.0,22.16,,red,1,22.16,0,-24.09,0,-23.23
2841,94.795,red,observed,1.0,22.21,,red,1,22.21,0,-23.82,0,-23.17
2844,94.895,red,observed,1.0,22.32,,red,1,22.32,0,-23.36,0,-23.53
2847,94.995,red,observed,1.0,22.21,,red,1,22.21,0,-23.49,0,-22.87
2850,95.095,red,observed,1.0,22.84,,red,1,22.84,0,-23.36,0,-23.4
2853,95.195,red,observed,1.0,22.29,,red,1,22.29,0,-22.97,0,-23.3
2856,95.295,red,observed,1.0,22.16,,red,1,22.16,0,-23.56,0,-23.63
2859,95.395,red,observed,1.0,22.05,,red,1,22.05,0,-23.89,0,-23.4
2862,95.495,red,observed,1.0,22.29,,red,1,22.29,0,-23.49,0,-23.23
2865,95.596,red,observed,1.0,22.29,,red,1,22.29,0,-23.3,0,-23.23
2868,95.696,red,observed,1.0,22.48,,red,1,22.48,0,-23.3,0,-23.92
2871,95.796,red,observed,1.0,22.29,,red,1,22.29,0,-22.97,0,-23.46
2874,95.896,red,observed,1.0,22.05,,red,1,22.05,0,-23.1,0,-23.2
2877,95.996,red,observed,1.0,21.99,,red,1,21.99,0,-23.23,0,-23.3
2880,96.096,red,observed,1.0,22.45,,red,1,22.45,0,-23.89,0,-23.3
2883,96.196,red,observed,1.0,22.67,,red,1,22.67,0,-23.63,0,-23.07
2886,96.296,red,observed,1.0,22.31,,red,1,22.75,0,-22.31,0,-23.46
2889,96.396,red,observed,1.0,22.26,,red,1,22.26,0,-23.63,0,-23.0
2892,96.496,red,observed,1.0,22.75,,red,1,22.75,0,-22.77,0,-23.17
2895,96.596,red,observed,1.0,22.67,,red,1,22.67,0,-22.84,0,-23.36
2898,96.697,red,observed,1.0,22.07,,red,1,22.07,0,-23.49,0,-22.93
2901,96.797,red,observed,1.0,21.94,,red,1,21.94,0,-23.17,0,-23.59
2904,96.897,red,observed,1.0,22.07,,red,1,22.07,0,-22.97,0,-23.0
2907,96.997,red,observed,1.0,21.61,,red,1,21.61,0,-23.63,0,-23.43
2910,97.097,red,observed,1.0,22.44,,red,1,22.7,0,-22.44,0,-22.97
2913,97.197,red,observed,1.0,21.96,,red,1,21.96,0,-23.43,0,-23.0
2916,97.297,red,observed,1.0,22.21,,red,1,22.21,0,-24.35,0,-22.8
2919,97.397,red,observed,1.0,22.45,,red,1,22.45,0,-23.63,0,-22.67
2922,97.497,red,observed,1.0,22.67,,red,1,22.67,0,-22.97,0,-22.77
2925,97.598,red,observed,1.0,22.05,,red,1,22.05,0,-23.23,0,-23.36
2928,97.698,red,observed,1.0,22.18,,red,1,22.18,0,-23.17,0,-23.83
2931,97.798,red,observed,1.0,22.51,,red,1,22.51,0,-22.84,0,-23.07
2934,97.898,red,observed,1.0,22.24,,red,1,22.24,0,-22.44,0,-23.43
2937,97.998,red,observed,1.0,21.99,,red,1,21.99,0,-23.17,0,-23.07
2940,98.098,red,observed,1.0,22.05,,red,1,22.05,0,-23.3,0,-23.13
2943,98.198,red,observed,1.0,22.35,,red,1,22.35,0,-24.48,0,-23.36
2946,98.298,red,observed,1.0,22.32,,red,1,22.32,0,-23.23,0,-23.56
2949,98.398,red,observed,1.0,22.24,,red,1,22.35,0,-22.24,0,-23.53
2952,98.498,red,observed,1.0,22.64,,red,1,22.64,0,-23.89,0,-23.46
2955,98.598,red,observed,1.0,22.35,,red,1,22.35,0,-23.03,0,-23.56
2958,98.699,red,observed,1.0,21.8,,red,1,21.8,0,-22.71,0,-23.53
2961,98.799,red,observed,1.0,21.99,,red,1,21.99,0,-22.77,0,-23.66
2964,98.899,red,observed,1.0,22.02,,red,1,22.02,0,-22.77,0,-22.74
2967,98.999,red,observed,1.0,22.05,,red,1,22.05,0,-23.03,0,-23.2
2970,99.099,red,observed,1.0,21.77,,red,1,21.77,0,-23.76,0,-23.3
2973,99.199,red,observed,1.0,21.67,,red,1,21.67,0,-24.42,0,-23.5
2976,99.299,red,observed,1.0,21.99,,red,1,21.99,0,-23.36,0,-22.84
2979,99.399,red,observed,1.0,21.91,,red,1,21.91,0,-23.89,0,-23.59
2982,99.499,red,observed,1.0,22.29,,red,1,22.29,0,-23.1,0,-23.1
2985,99.6,red,observed,1.0,21.83,,red,1,21.83,0,-23.63,0,-23.59
2988,99.7,red,observed,1.0,21.8,,red,1,21.8,0,-23.23,0,-22.84
2991,99.8,red,observed,1.0,22.32,,red,1,22.32,0,-23.1,0,-23.63
2994,99.9,red,observed,1.0,22.1,,red,1,22.1,0,-23.3,0,-23.53
2997,100.0,red,observed,1.0,22.24,,red,1,22.24,0,-23.17,0,-23.86
3000,100.1,red,observed,1.0,22.18,,red,1,22.18,0,-23.23,0,-23.13
3003,100.2,red,observed,1.0,21.99,,red,1,21.99,0,-23.3,0,-23.26
3006,100.3,red,observed,1.0,22.24,,red,1,22.24,0,-22.51,0,-22.84
3009,100.4,red,observed,1.0,22.18,,red,1,22.18,0,-23.49,0,-23.43
3012,100.5,red,observed,1.0,22.64,,red,1,22.64,0,-23.23,0,-23.4
3015,100.6,red,observed,1.0,22.45,,red,1,22.45,0,-23.23,0,-23.4
3018,100.701,red,observed,1.0,21.69,,red,1,21.69,0,-23.3,0,-23.2
3021,100.801,red,observed,1.0,21.83,,red,1,21.83,0,-24.35,0,-23.23
3024,100.901,red,observed,1.0,21.94,,red,1,21.94,0,-24.35,0,-23.63
3027,101.001,red,observed,1.0,21.61,,red,1,21.61,0,-23.1,0,-23.46
3030,101.101,red,observed,1.0,22.18,,red,1,22.18,0,-23.82,0,-23.3
3033,101.201,red,observed,1.0,22.32,,red,1,22.32,0,-23.43,0,-23.5
3036,101.301,red,observed,1.0,21.99,,red,1,21.99,0,-23.36,0,-23.43
3039,101.401,red,observed,1.0,22.4,,red,1,22.4,0,-23.3,0,-23.59
3042,101.501,red,observed,1.0,22.26,,red,1,22.26,0,-23.36,0,-23.3
3045,101.602,red,observed,1.0,22.02,,red,1,22.02,0,-23.03,0,-23.2
3048,101.702,red,observed,1.0,22.07,,red,1,22.07,0,-23.17,0,-23.17
3051,101.802,red,observed,1.0,22.13,,red,1,22.13,0,-22.71,0,-23.63
3054,101.902,red,observed,1.0,22.21,,red,1,22.21,0,-23.82,0,-23.26
3057,102.002,red,observed,1.0,22.24,,red,1,22.24,0,-23.1,0,-23.23
3060,102.102,red,observed,1.0,21.99,,red,1,21.99,0,-23.82,0,-23.59
3063,102.202,red,observed,1.0,22.26,,red,1,22.26,0,-23.23,0,-23.5
3066,102.302,red,observed,1.0,22.4,,red,1,22.4,0,-22.84,0,-23.63
3069,102.402,red,observed,1.0,22.18,,red,1,22.35,0,-22.18,0,-23.23
3072,102.502,red,observed,1.0,22.26,,red,1,22.26,0,-22.97,0,-23.2
3075,102.602,red,observed,1.0,21.72,,red,1,21.72,0,-23.69,0,-23.17
3078,102.703,red,observed,1.0,21.96,,red,1,21.96,0,-23.36,0,-23.99
3081,102.803,red,observed,1.0,22.35,,red,1,22.35,0,-23.56,0,-23.3
3084,102.903,red,observed,1.0,22.35,,red,1,22.35,0,-23.36,0,-23.5
3087,103.003,red,observed,1.0,21.99,,red,1,21.99,0,-23.23,0,-23.0
3090,103.103,red,observed,1.0,21.96,,red,1,21.96,0,-24.22,0,-23.59
3093,103.203,red,observed,1.0,21.83,,red,1,21.83,0,-23.56,0,-23.13
3096,103.303,red,observed,1.0,21.69,,red,1,21.69,0,-23.69,0,-22.97
3099,103.403,red,observed,1.0,21.47,,red,1,21.47,0,-22.24,0,-22.97
3102,103.503,red,observed,1.0,21.88,,red,1,21.88,0,-23.49,0,-23.1
3105,103.604,red,observed,1.0,21.72,,red,1,21.72,0,-23.49,0,-22.64
3108,103.704,red,observed,1.0,22.45,,red,1,22.45,0,-22.64,0,-23.2
3111,103.804,red,observed,1.0,22.64,,red,1,22.64,0,-23.1,0,-23.33
3114,103.904,red,observed,1.0,22.64,,red,1,22.75,0,-22.64,0,-23.79
3117,104.004,red,observed,1.0,22.64,,red,1,22.75,0,-22.64,0,-23.59
3120,104.104,red,observed,1.0,22.07,,red,1,22.07,0,-22.71,0,-23.17
3123,104.204,red,observed,1.0,21.99,,red,1,21.99,0,-23.49,0,-23.59
3126,104.304,red,observed,1.0,21.96,,red,1,21.96,0,-23.1,0,-23.66
3129,104.404,red,observed,1.0,22.64,,red,1,22.64,0,-23.49,0,-23.1
3132,104.504,red,observed,1.0,22.56,,red,1,22.56,0,-23.43,0,-23.07
3135,104.604,red,observed,1.0,22.26,,red,1,22.26,0,-23.96,0,-23.23
3138,104.705,red,observed,1.0,21.77,,red,1,21.77,0,-23.63,0,-23.07
3141,104.805,red,observed,1.0,22.02,,red,1,22.02,0,-24.28,0,-23.5
3144,104.905,red,observed,1.0,22.21,,red,1,22.21,0,-23.3,0,-23.3
3147,105.005,red,observed,1.0,22.21,,red,1,22.21,0,-23.69,0,-23.13
3150,105.105,red,observed,1.0,22.62,,red,1,22.62,0,-23.56,0,-23.0
3153,105.205,red,observed,1.0,22.73,,red,1,22.73,0,-23.63,0,-23.23
3156,105.305,red,observed,1.0,22.16,,red,1,22.16,0,-24.02,0,-23.76
3159,105.405,red,observed,1.0,21.96,,red,1,21.96,0,-23.3,0,-23.43
3162,105.505,red,observed,1.0,22.51,,red,1,22.51,0,-22.97,0,-23.86
3165,105.606,red,observed,1.0,22.05,,red,1,22.05,0,-24.61,0,-23.03
3168,105.706,red,observed,1.0,22.24,,red,1,22.24,0,-22.77,0,-23.0
3171,105.806,red,observed,1.0,21.88,,red,1,21.88,0,-23.23,0,-22.84
3174,105.906,red,observed,1.0,22.18,,red,1,22.18,0,-23.56,0,-23.5
3177,106.006,red,observed,1.0,22.18,,red,1,22.18,0,-23.36,0,-22.77
3180,106.106,red,observed,1.0,21.98,,red,1,22.37,0,-21.98,0,-23.43
3183,106.206,red,observed,1.0,22.62,,red,1,22.62,0,-23.56,0,-23.13
3186,106.306,red,observed,1.0,22.54,,red,1,22.54,0,-22.57,0,-23.17
3189,106.406,red,observed,1.0,22.45,,red,1,22.45,0,-23.1,0,-23.23
3192,106.506,red,observed,1.0,22.45,,red,1,22.45,0,-22.84,0,-23.23
3195,106.606,red,observed,1.0,22.64,,red,1,22.73,0,-22.64,0,-23.3
3198,106.707,red,observed,1.0,22.05,,red,1,22.05,0,-23.63,0,-23.36
3201,106.807,red,observed,1.0,22.26,,red,1,22.26,0,-23.56,0,-23.2
3204,106.907,red,observed,1.0,22.13,,red,1,22.13,0,-23.3,0,-23.17
3207,107.007,red,observed,1.0,22.07,,red,1,22.07,0,-23.3,0,-23.3
3210,107.107,red,observed,1.0,21.94,,red,1,21.94,0,-23.1,0,-23.26
3213,107.207,red,observed,1.0,22.1,,red,1,22.1,0,-23.03,0,-23.66
3216,107.307,red,observed,1.0,22.02,,red,1,22.02,0,-23.23,0,-23.0
3219,107.407,red,observed,1.0,22.07,,red,1,22.07,0,-22.64,0,-23.69
3222,107.507,red,observed,1.0,22.05,,red,1,22.05,0,-23.56,0,-23.17
3225,107.608,red,observed,1.0,22.13,,red,1,22.13,0,-22.97,0,-23.73
3228,107.708,red,observed,1.0,22.24,,red,1,22.24,0,-23.1,0,-23.56
3231,107.808,red,observed,1.0,21.86,,red,1,21.86,0,-22.71,0,-23.33
3234,107.908,red,observed,1.0,22.05,,red,1,22.05,0,-23.56,0,-23.23
3237,108.008,red,observed,1.0,21.91,,red,1,21.91,0,-22.77,0,-23.5
3240,108.108,red,observed,1.0,22.48,,red,1,22.48,0,-23.3,0,-23.23
3243,108.208,red,observed,1.0,22.59,,red,1,22.59,0,-23.56,0,-23.63
3246,108.308,red,observed,1.0,22.51,,red,1,22.51,0,-22.77,0,-23.33
3249,108.408,red,observed,1.0,22.02,,red,1,22.02,0,-22.97,0,-23.26
3252,108.508,red,observed,1.0,22.18,,red,1,22.54,0,-22.18,0,-23.3
3255,108.608,red,observed,1.0,22.29,,red,1,22.29,0,-23.69,0,-23.4
3258,108.709,red,observed,1.0,22.29,,red,1,22.29,0,-23.89,0,-23.36
3261,108.809,red,observed,1.0,22.05,,red,1,22.05,0,-23.56,0,-23.53
3264,108.909,red,observed,1.0,22.43,,red,1,22.43,0,-23.17,0,-23.13
3267,109.009,red,observed,1.0,22.4,,red,1,22.4,0,-23.3,0,-23.23
3270,109.109,red,observed,1.0,22.32,,red,1,22.32,0,-23.17,0,-23.56
3273,109.209,red,observed,1.0,22.21,,red,1,22.21,0,-23.03,0,-23.26
3276,109.309,red,observed,1.0,22.1,,red,1,22.1,0,-23.3,0,-22.87
3279,109.409,red,observed,1.0,22.02,,red,1,22.02,0,-23.43,0,-23.83
3282,109.509,red,observed,1.0,22.31,,red,1,22.4,0,-22.31,0,-23.07
3285,109.61,red,observed,1.0,22.24,,red,1,22.24,0,-24.28,0,-23.36
3288,109.71,red,observed,1.0,21.88,,red,1,21.88,0,-23.3,0,-23.33
3291,109.81,red,observed,1.0,22.1,,red,1,22.1,0,-23.56,0,-23.46
3294,109.91,red,observed,1.0,21.91,,red,1,21.91,0,-23.36,0,-23.23
3297,110.01,red,observed,1.0,22.21,,red,1,22.21,0,-24.22,0,-23.2
3300,110.11,red,observed,1.0,22.21,,red,1,22.21,0,-23.96,0,-23.43
3303,110.21,red,observed,1.0,22.05,,red,1,22.05,0,-24.02,0,-23.46
3306,110.31,red,observed,1.0,22.29,,red,1,22.29,0,-24.28,0,-23.07
3309,110.41,red,observed,1.0,22.07,,red,1,22.07,0,-23.1,0,-23.2
3312,110.51,red,observed,1.0,22.51,,red,1,22.51,0,-22.97,0,-23.36
3315,110.61,red,observed,1.0,21.88,,red,1,21.88,0,-22.84,0,-23.23
3318,110.711,red,observed,1.0,21.94,,red,1,21.94,0,-22.31,0,-22.97
3321,110.811,red,observed,1.0,21.45,,red,1,21.45,0,-22.44,0,-23.36
3324,110.911,red,observed,1.0,21.88,,red,1,21.88,0,-22.31,0,-22.93
3327,111.011,red,observed,1.0,21.83,,red,1,21.83,0,-22.57,0,-23.3
3330,111.111,red,observed,1.0,22.1,,red,1,22.1,0,-23.76,0,-23.0
3333,111.211,red,observed,1.0,22.18,,red,1,22.18,0,-23.1,0,-23.43
3336,111.311,red,observed,1.0,22.1,,red,1,22.1,0,-23.49,0,-23.3
3339,111.411,red,observed,1.0,22.18,,red,1,22.18,0,-23.03,0,-23.03
3342,111.511,red_amber,observed,1.0,22.16,,red_amber,1,22.16,1,26.26,0,-23.86
3345,111.612,red_amber,observed,1.0,22.21,,red_amber,1,22.21,1,25.27,0,-23.53
3348,111.712,red_amber,observed,1.0,21.69,,red_amber,1,21.69,1,24.75,0,-23.43
3351,111.812,red_amber,observed,1.0,21.94,,red_amber,1,21.94,1,24.68,0,-23.83
3354,111.912,red_amber,observed,1.0,21.5,,red_amber,1,21.5,1,24.68,0,-23.4
3357,112.012,red_amber,observed,1.0,22.16,,red_amber,1,22.16,1,24.81,0,-23.36
3360,112.112,red_amber,observed,1.0,21.75,,red_amber,1,21.75,1,24.48,0,-23.46
3363,112.212,red_amber,observed,1.0,21.75,,red_amber,1,21.75,1,23.56,0,-23.66
3366,112.312,unknown,occluded,0.0,21.58,occluded,occluded,1,21.58,1,23.82,0,-23.56
3369,112.412,unknown,occluded,0.0,21.45,occluded,occluded,1,21.45,1,23.69,0,-23.33
3372,112.512,unknown,occluded,0.0,21.77,occluded,occluded,1,21.77,1,23.96,0,-23.63
3375,112.612,unknown,occluded,0.0,21.75,occluded,occluded,1,21.75,1,23.43,0,-23.63
3378,112.713,unknown,occluded,0.0,21.37,occluded,occluded,1,21.37,1,23.17,0,-23.56
3381,112.813,unknown,occluded,0.0,21.15,occluded,occluded,1,21.15,1,22.9,0,-23.0
3384,112.913,unknown,occluded,0.0,21.01,occluded,occluded,1,21.01,1,22.9,0,-23.46
3387,113.013,unknown,occluded,0.0,20.49,occluded,occluded,1,20.49,1,23.23,0,-23.89
3390,113.113,red_amber,observed,1.0,20.82,,red_amber,1,20.82,1,23.1,0,-23.73
3393,113.213,red_amber,observed,1.0,21.09,,red_amber,1,21.09,1,22.97,0,-23.4
3396,113.313,red_amber,observed,1.0,20.93,,red_amber,1,20.93,1,22.51,0,-23.4
3399,113.413,red_amber,observed,1.0,20.74,,red_amber,1,20.74,1,23.17,0,-23.66
3402,113.513,red_amber,observed,1.0,20.82,,red_amber,1,20.82,1,23.03,0,-23.66
3405,113.614,red_amber,observed,1.0,20.66,,red_amber,1,20.66,1,22.9,0,-23.92
3408,113.714,red_amber,observed,1.0,20.49,,red_amber,1,20.49,1,22.9,0,-23.43
3411,113.814,red_amber,observed,1.0,20.14,,red_amber,1,20.14,1,23.1,0,-23.53
3414,113.914,red_amber,observed,1.0,20.2,,red_amber,1,20.2,1,22.9,0,-23.53
3417,114.014,red_amber,observed,1.0,20.14,,red_amber,1,20.14,1,22.31,0,-23.33
3420,114.114,red_amber,observed,1.0,20.28,,red_amber,1,20.28,1,22.97,0,-23.66
3423,114.214,red_amber,observed,1.0,20.49,,red_amber,1,20.49,1,23.23,0,-23.76
3426,114.314,red_amber,observed,1.0,20.47,,red_amber,1,20.47,1,22.71,0,-23.79
3429,114.414,red_amber,observed,1.0,20.6,,red_amber,1,20.6,1,22.71,0,-23.76
3432,114.514,green,observed,1.0,19.57,,green,0,-19.57,0,-22.44,1,23.03
3435,114.614,green,observed,1.0,20.63,,green,0,-20.63,0,-22.97,1,22.97
3438,114.715,green,observed,1.0,20.93,,green,0,-20.93,0,-22.77,1,22.67
3441,114.815,green,observed,1.0,20.71,,green,0,-20.71,0,-22.97,1,22.8
3444,114.915,green,observed,1.0,20.82,,green,0,-20.82,0,-22.57,1,22.54
3447,115.015,green,observed,1.0,21.2,,green,0,-21.2,0,-22.38,1,22.6
3450,115.115,green,observed,1.0,21.04,,green,0,-21.04,0,-22.31,1,22.8
3453,115.215,green,observed,1.0,21.2,,green,0,-21.2,0,-22.71,1,22.67
3456,115.315,green,observed,1.0,20.44,,green,0,-20.44,0,-21.32,1,23.17
3459,115.415,green,observed,1.0,20.88,,green,0,-20.88,0,-22.9,1,22.41
3462,115.515,green,observed,1.0,21.01,,green,0,-21.01,0,-22.51,1,22.74
3465,115.616,green,observed,1.0,20.9,,green,0,-20.9,0,-22.51,1,22.84
3468,115.716,green,observed,1.0,20.6,,green,0,-20.6,0,-23.17,1,22.84
3471,115.816,green,observed,1.0,20.74,,green,0,-20.74,0,-22.11,1,23.17
3474,115.916,green,observed,1.0,20.85,,green,0,-20.85,0,-22.51,1,22.87
3477,116.016,green,observed,1.0,20.63,,green,0,-20.63,0,-23.3,1,22.87
3480,116.116,green,observed,1.0,20.66,,green,0,-20.66,0,-23.17,1,22.64
3483,116.216,green,observed,1.0,20.55,,green,0,-20.55,0,-23.03,1,22.87
3486,116.316,green,observed,1.0,20.49,,green,0,-20.49,0,-23.03,1,22.77
3489,116.416,green,observed,1.0,20.58,,green,0,-20.58,0,-23.43,1,23.07
3492,116.516,green,observed,1.0,21.01,,green,0,-21.01,0,-22.64,1,22.97
3495,116.616,green,observed,1.0,21.18,,green,0,-21.18,0,-23.43,1,22.9
3498,116.717,green,observed,1.0,20.79,,green,0,-20.79,0,-22.71,1,22.8
3501,116.817,green,observed,1.0,21.07,,green,0,-21.07,0,-22.71,1,22.87
3504,116.917,green,observed,1.0,20.55,,green,0,-20.55,0,-22.57,1,22.74
3507,117.017,green,observed,1.0,20.96,,green,0,-20.96,0,-23.23,1,22.41
3510,117.117,green,observed,1.0,20.85,,green,0,-20.85,0,-22.38,1,22.84
3513,117.217,green,observed,1.0,20.85,,green,0,-20.85,0,-22.51,1,22.67
3516,117.317,green,observed,1.0,21.01,,green,0,-21.01,0,-22.9,1,22.74
3519,117.417,green,observed,1.0,20.9,,green,0,-20.9,0,-22.71,1,22.47
3522,117.517,green,observed,1.0,20.98,,green,0,-20.98,0,-22.57,1,22.51
3525,117.618,green,observed,1.0,21.04,,green,0,-21.04,0,-22.71,1,22.47
3528,117.718,green,observed,1.0,20.39,,green,0,-20.39,0,-22.57,1,22.6
3531,117.818,green,observed,1.0,20.77,,green,0,-20.77,0,-22.77,1,22.51
3534,117.918,green,observed,1.0,20.82,,green,0,-20.82,0,-23.23,1,22.31
3537,118.018,green,observed,1.0,20.71,,green,0,-20.71,0,-23.17,1,22.57
3540,118.118,green,observed,1.0,21.09,,green,0,-21.09,0,-23.17,1,22.57
3543,118.218,green,observed,1.0,20.41,,green,0,-20.41,0,-23.23,1,22.31
3546,118.318,green,observed,1.0,20.41,,green,0,-20.41,0,-22.9,1,22.51
3549,118.418,green,observed,1.0,20.6,,green,0,-20.6,0,-22.57,1,22.54
3552,118.518,green,observed,1.0,20.77,,green,0,-20.77,0,-23.3,1,22.21
3555,118.618,green,observed,1.0,20.82,,green,0,-20.82,0,-22.71,1,22.54
3558,118.719,green,observed,1.0,20.85,,green,0,-20.85,0,-22.11,1,22.37
3561,118.819,green,observed,1.0,20.55,,green,0,-20.55,0,-22.71,1,22.51
3564,118.919,green,observed,1.0,20.66,,green,0,-20.66,0,-22.97,1,21.98
3567,119.019,green,observed,1.0,20.74,,green,0,-20.74,0,-22.05,1,22.27
3570,119.119,green,observed,1.0,20.39,,green,0,-20.39,0,-22.38,1,22.47
3573,119.219,green,observed,1.0,20.82,,green,0,-20.82,0,-22.77,1,22.41
3576,119.319,green,observed,1.0,20.71,,green,0,-20.71,0,-22.71,1,22.21
3579,119.419,green,observed,1.0,20.66,,green,0,-20.66,0,-22.38,1,22.37
3582,119.519,green,observed,1.0,20.6,,green,0,-20.6,0,-22.84,1,23.07
3585,119.62,green,observed,1.0,20.69,,green,0,-20.69,0,-22.51,1,22.51
3588,119.72,green,observed,1.0,20.85,,green,0,-20.85,0,-22.18,1,22.8
3591,119.82,green,observed,1.0,20.69,,green,0,-20.69,0,-22.05,1,22.6
3594,119.92,green,observed,1.0,20.39,,green,0,-20.39,0,-22.31,1,22.8
3597,120.02,green,observed,1.0,20.63,,green,0,-20.63,0,-22.71,1,22.64
3600,120.12,green,observed,1.0,20.55,,green,0,-20.55,0,-22.57,1,23.03
3603,120.22,green,observed,1.0,20.55,,green,0,-20.55,0,-22.77,1,23.07
3606,120.32,green,observed,1.0,20.63,,green,0,-20.63,0,-23.1,1,23.0
3609,120.42,green,observed,1.0,20.66,,green,0,-20.66,0,-22.51,1,22.64
3612,120.52,green,observed,1.0,20.47,,green,0,-20.47,0,-22.84,1,22.84
3615,120.62,green,observed,1.0,20.79,,green,0,-20.79,0,-22.24,1,22.9
3618,120.721,green,observed,1.0,20.96,,green,0,-20.96,0,-22.18,1,22.97
3621,120.821,green,observed,1.0,20.49,,green,0,-20.49,0,-22.97,1,22.77
3624,120.921,green,observed,1.0,20.58,,green,0,-20.58,0,-22.11,1,22.9
3627,121.021,green,observed,1.0,20.47,,green,0,-20.47,0,-22.38,1,22.9
3630,121.121,green,observed,1.0,20.52,,green,0,-20.52,0,-22.51,1,22.77
3633,121.221,green,observed,1.0,20.58,,green,0,-20.58,0,-22.71,1,22.77
3636,121.321,green,observed,1.0,20.85,,green,0,-20.85,0,-22.77,1,23.1
3639,121.421,green,observed,1.0,20.71,,green,0,-20.71,0,-22.9,1,22.8
3642,121.521,green,observed,1.0,20.88,,green,0,-20.88,0,-23.36,1,22.8
3645,121.622,green,observed,1.0,20.47,,green,0,-20.47,0,-23.1,1,22.57
3648,121.722,green,observed,1.0,20.63,,green,0,-20.63,0,-22.77,1,22.54
3651,121.822,green,observed,1.0,20.71,,green,0,-20.71,0,-23.03,1,22.6
3654,121.922,green,observed,1.0,20.36,,green,0,-20.36,0,-22.77,1,22.47
3657,122.022,green,observed,1.0,20.74,,green,0,-20.74,0,-23.17,1,22.34
3660,122.122,green,observed,1.0,20.55,,green,0,-20.55,0,-22.71,1,22.47
3663,122.222,green,observed,1.0,20.49,,green,0,-20.49,0,-23.03,1,22.47
3666,122.322,green,observed,1.0,20.39,,green,0,-20.39,0,-22.64,1,22.77
3669,122.422,green,observed,1.0,20.88,,green,0,-20.88,0,-22.84,1,22.51
3672,122.522,green,observed,1.0,20.49,,green,0,-20.49,0,-22.31,1,22.6
3675,122.622,green,observed,1.0,20.47,,green,0,-20.47,0,-22.77,1,22.6
3678,122.723,green,observed,1.0,20.28,,green,0,-20.28,0,-22.71,1,22.47
3681,122.823,green,observed,1.0,20.3,,green,0,-20.3,0,-22.84,1,22.6
3684,122.923,green,observed,1.0,20.41,,green,0,-20.41,0,-22.57,1,22.37
3687,123.023,green,observed,1.0,20.74,,green,0,-20.74,0,-22.71,1,22.41
3690,123.123,green,observed,1.0,19.8,,green,0,-20.47,0,-22.97,1,19.8
3693,123.223,green,observed,1.0,20.47,,green,0,-20.47,0,-22.9,1,23.07
3696,123.323,green,observed,1.0,20.74,,green,0,-20.74,0,-22.11,1,21.78
3699,123.423,green,observed,1.0,20.93,,green,0,-20.93,0,-23.56,1,22.67
3702,123.523,green,observed,1.0,20.44,,green,0,-20.44,0,-22.84,1,22.41
3705,123.624,green,observed,1.0,20.85,,green,0,-20.85,0,-22.64,1,22.8
3708,123.724,green,observed,1.0,20.6,,green,0,-20.6,0,-22.31,1,22.7
3711,123.824,green,observed,1.0,20.47,,green,0,-20.47,0,-22.84,1,22.93
3714,123.924,green,observed,1.0,20.66,,green,0,-20.66,0,-23.3,1,21.85
3717,124.024,green,observed,1.0,20.79,,green,0,-20.79,0,-22.84,1,23.83
3720,124.124,green,observed,1.0,20.66,,green,0,-20.66,0,-22.71,1,23.03
3723,124.224,green,observed,1.0,21.04,,green,0,-21.04,0,-22.44,1,23.07
3726,124.324,green,observed,1.0,20.44,,green,0,-20.44,0,-23.03,1,22.9
3729,124.424,green,observed,1.0,20.74,,green,0,-20.74,0,-23.03,1,21.68
3732,124.524,green,observed,1.0,20.82,,green,0,-20.82,0,-23.03,1,22.8
3735,124.624,green,observed,1.0,20.79,,green,0,-20.79,0,-22.9,1,21.05
3738,124.725,green,observed,1.0,20.33,,green,0,-20.33,0,-22.97,1,22.87
3741,124.825,green,observed,1.0,20.55,,green,0,-20.55,0,-21.85,1,22.7
3744,124.925,green,observed,1.0,20.69,,green,0,-20.69,0,-22.38,1,21.65
3747,125.025,green,observed,1.0,20.33,,green,0,-20.33,0,-23.17,1,21.55
3750,125.125,green,observed,1.0,21.04,,green,0,-21.04,0,-22.51,1,22.93
3753,125.225,green,observed,1.0,20.74,,green,0,-20.74,0,-22.57,1,22.6
3756,125.325,green,observed,1.0,20.79,,green,0,-20.79,0,-22.51,1,23.23
3759,125.425,green,observed,1.0,20.74,,green,0,-20.74,0,-23.03,1,23.1
3762,125.525,green,observed,1.0,20.69,,green,0,-20.69,0,-22.44,1,23.17
3765,125.626,green,observed,1.0,20.55,,green,0,-20.55,0,-22.38,1,23.3
3768,125.726,green,observed,1.0,20.63,,green,0,-20.63,0,-22.84,1,23.46
3771,125.826,green,observed,1.0,20.71,,green,0,-20.71,0,-22.24,1,23.17
3774,125.926,green,observed,1.0,20.47,,green,0,-20.47,0,-22.97,1,22.31
3777,126.026,green,observed,1.0,20.58,,green,0,-20.58,0,-22.64,1,21.94
3780,126.126,green,observed,1.0,20.79,,green,0,-20.79,0,-22.9,1,22.97
3783,126.226,green,observed,1.0,20.82,,green,0,-20.82,0,-22.64,1,22.97
3786,126.326,green,observed,1.0,20.77,,green,0,-20.77,0,-22.31,1,23.0
3789,126.426,green,observed,1.0,20.69,,green,0,-20.69,0,-23.03,1,23.13
3792,126.526,green,observed,1.0,20.74,,green,0,-20.74,0,-22.64,1,22.9
3795,126.626,green,observed,1.0,20.6,,green,0,-20.6,0,-22.64,1,23.33
3798,126.727,green,observed,1.0,21.04,,green,0,-21.04,0,-22.84,1,22.97
3801,126.827,green,observed,1.0,20.79,,green,0,-20.79,0,-22.57,1,21.98
3804,126.927,green,observed,1.0,20.88,,green,0,-20.88,0,-22.38,1,21.48
3807,127.027,green,observed,1.0,21.12,,green,0,-21.12,0,-23.03,1,23.2
3810,127.127,green,observed,1.0,20.74,,green,0,-20.74,0,-22.97,1,21.65
3813,127.227,green,observed,1.0,20.2,,green,0,-20.2,0,-22.51,1,20.62
3816,127.327,green,observed,1.0,20.49,,green,0,-20.49,0,-22.05,1,23.4
3819,127.427,green,observed,1.0,20.25,,green,0,-20.25,0,-22.57,1,22.37
3822,127.527,green,observed,1.0,20.39,,green,0,-20.39,0,-23.3,1,22.34
