frame,t,state,red_score,green_score,before_v2_rule
0,0.0,red,101.7,-0.8,red
3,0.1,red,98.1,0.1,red
6,0.2,red,96.1,-0.8,red
9,0.3,red,97.7,0.2,red
12,0.4,red,99.0,0.3,red
15,0.501,red,100.4,-0.1,red
18,0.601,red,96.7,-1.4,red
21,0.701,red,96.8,-1.4,red
24,0.801,red,97.9,-1.2,red
27,0.901,red,96.2,-1.0,red
30,1.001,red,98.0,-0.2,red
33,1.101,red,96.5,0.0,red
36,1.201,red,98.4,0.9,red
39,1.301,red,99.5,-0.4,red
42,1.401,red,98.9,-0.7,red
45,1.502,red,98.6,-0.3,red
48,1.602,red,100.0,-0.4,red
51,1.702,red,98.5,0.1,red
54,1.802,red,96.7,-0.6,red
57,1.902,red,96.4,-0.6,red
60,2.002,red,97.1,-1.3,red
63,2.102,red,96.5,-0.9,red
66,2.202,red,96.6,-0.6,red
69,2.302,red,96.8,-1.3,red
72,2.402,red,96.6,0.5,red
75,2.502,red,97.1,-0.9,red
78,2.603,red,97.0,-0.2,red
81,2.703,red,97.9,-0.5,red
84,2.803,red,97.4,-1.0,red
87,2.903,red,99.4,-0.9,red
90,3.003,red,97.9,-0.1,red
93,3.103,red,97.7,-1.5,red
96,3.203,red,98.7,-0.6,red
99,3.303,red,97.9,-0.6,red
102,3.403,red,99.3,-0.4,red
105,3.504,red,99.3,0.4,red
108,3.604,red,97.5,0.1,red
111,3.704,red,100.0,-0.3,red
114,3.804,red,97.7,-1.1,red
117,3.904,red,99.5,-1.2,red
120,4.004,red,100.2,0.2,red
123,4.104,red,99.6,-0.0,red
126,4.204,red,97.8,-0.7,red
129,4.304,red,98.5,-1.1,red
132,4.404,red,99.6,0.5,red
135,4.504,red,98.6,-0.0,red
138,4.605,red,99.2,-0.9,red
141,4.705,red,98.6,-0.5,red
144,4.805,red,99.4,-0.4,red
147,4.905,red,99.2,-1.0,red
150,5.005,red,99.2,-0.5,red
153,5.105,red,99.6,-1.6,red
156,5.205,red,98.2,0.2,red
159,5.305,red,99.2,-0.4,red
162,5.405,red,104.4,-0.7,red
165,5.506,red,98.2,0.2,red
168,5.606,red,98.9,-0.0,red
171,5.706,red,98.0,0.4,red
174,5.806,red,99.5,-1.3,red
177,5.906,red,97.9,-1.3,red
180,6.006,red,98.7,-0.9,red
183,6.106,red,98.4,-0.4,red
186,6.206,red,98.0,-1.1,red
189,6.306,red,103.0,-1.0,red
192,6.406,red,104.8,-1.8,red
195,6.506,red,98.7,-0.5,red
198,6.607,red,99.4,-1.5,red
201,6.707,red,99.2,-0.5,red
204,6.807,red,98.3,-0.7,red
207,6.907,red,103.6,-0.8,red
210,7.007,red,103.4,-0.9,red
213,7.107,red,104.1,-0.2,red
216,7.207,red,99.6,-0.0,red
219,7.307,red,103.5,0.0,red
222,7.407,red,99.2,-0.8,red
225,7.508,red,98.8,-1.1,red
228,7.608,red,103.4,-1.7,red
231,7.708,red,102.6,-1.4,red
234,7.808,red,98.0,-0.9,red
237,7.908,red,103.7,-1.1,red
240,8.008,red,104.8,-0.7,red
243,8.108,red,96.9,0.8,red
246,8.208,red,96.7,-0.4,red
249,8.308,red,104.6,-0.9,red
252,8.408,red,103.3,-0.9,red
255,8.508,red,98.2,-0.3,red
258,8.609,red,104.7,-0.8,red
261,8.709,red,102.9,-0.8,red
264,8.809,red,95.9,-1.1,red
267,8.909,red,103.5,-0.6,red
270,9.009,red,105.2,-0.6,red
273,9.109,red,98.1,-0.1,red
276,9.209,red,105.0,-0.0,red
279,9.309,red,102.0,-0.5,red
282,9.409,red,102.8,0.2,red
285,9.51,red,97.2,0.5,red
288,9.61,red,104.9,-0.7,red
291,9.71,red,102.3,0.4,red
294,9.81,red,97.7,-0.5,red
297,9.91,red,101.9,-0.8,red
300,10.01,red,101.8,-1.0,red
303,10.11,red,96.8,-1.1,red
306,10.21,red,102.7,-1.2,red
309,10.31,red,104.7,-0.1,red
312,10.41,red,102.2,-0.8,red
315,10.51,red,102.4,-0.6,red
318,10.611,red,102.5,-0.7,red
321,10.711,red,105.3,-0.7,red
324,10.811,red,98.3,-0.6,red
327,10.911,red,102.5,-1.7,red
330,11.011,red,102.3,-0.6,red
333,11.111,red,105.2,-1.1,red
336,11.211,red,101.7,-0.6,red
339,11.311,red,103.7,-1.1,red
342,11.411,red,103.2,-1.1,red
345,11.512,red,103.2,-1.0,red
348,11.612,red,101.8,-0.3,red
351,11.712,red,102.9,-0.7,red
354,11.812,red,102.4,-1.1,red
357,11.912,red,103.0,-0.5,red
360,12.012,red,102.2,-0.3,red
363,12.112,red,102.4,-0.1,red
366,12.212,red,101.4,-0.5,red
369,12.312,red,102.0,-0.4,red
372,12.412,red,101.9,0.1,red
375,12.513,red,102.5,-0.2,red
378,12.613,red,103.8,-0.1,red
381,12.713,red,103.6,-0.8,red
384,12.813,red,103.5,-1.1,red
387,12.913,red,103.3,-0.5,red
390,13.013,red,103.6,-0.2,red
393,13.113,red,103.7,-1.1,red
396,13.213,red,103.4,-1.1,red
399,13.313,red,103.8,0.2,red
402,13.413,red,104.3,0.1,red
405,13.514,red,104.1,-1.1,red
408,13.614,red,101.9,-0.4,red
411,13.714,red,102.1,-0.6,red
414,13.814,red,103.1,0.4,red
417,13.914,red,102.7,-0.8,red
420,14.014,red,102.6,0.3,red
423,14.114,red,103.5,-1.0,red
426,14.214,red,102.7,-0.6,red
429,14.314,red,103.5,-0.4,red
432,14.414,red,103.0,-0.1,red
435,14.514,red,102.3,0.1,red
438,14.615,red,102.9,-0.5,red
441,14.715,red,103.0,-1.0,red
444,14.815,red,102.9,-0.1,red
447,14.915,red,103.5,0.6,red
450,15.015,red,103.3,-0.3,red
453,15.115,red,103.8,-0.6,red
456,15.215,red,101.9,-0.4,red
459,15.315,red,102.3,-0.3,red
462,15.415,red,103.9,-1.2,red
465,15.516,red,102.2,0.4,red
468,15.616,red,103.1,0.5,red
471,15.716,red,102.3,-0.1,red
474,15.816,red,102.5,0.1,red
477,15.916,red,103.1,-1.1,red
480,16.016,red,101.6,-0.4,red
483,16.116,red,102.3,-0.4,red
486,16.216,red,103.1,-1.1,red
489,16.316,red,102.0,-1.2,red
492,16.416,red,102.3,-0.3,red
495,16.516,red,101.2,-0.2,red
498,16.617,red,102.8,-1.4,red
501,16.717,red,102.6,-1.3,red
504,16.817,red,102.9,-0.5,red
507,16.917,red,103.0,-0.1,red
510,17.017,red,102.0,-0.9,red
513,17.117,red,103.6,-1.0,red
516,17.217,red,104.0,0.1,red
519,17.317,red,102.1,-1.1,red
522,17.417,red,102.9,0.5,red
525,17.518,red,103.0,0.1,red
528,17.618,red,102.7,-2.3,red
531,17.718,red,102.5,-0.6,red
534,17.818,red,101.9,-0.7,red
537,17.918,red,102.9,-0.5,red
540,18.018,red,102.2,-1.1,red
543,18.118,red,102.6,-0.8,red
546,18.218,red,102.1,-0.6,red
549,18.318,red,101.8,-0.7,red
552,18.418,red,101.2,-1.3,red
555,18.518,red,101.7,-0.5,red
558,18.619,red,100.6,-0.6,red
561,18.719,red,101.4,-1.0,red
564,18.819,red,102.1,-0.6,red
567,18.919,red,101.3,-0.7,red
570,19.019,red,102.3,-0.8,red
573,19.119,red,101.6,0.3,red
576,19.219,red,100.9,-0.3,red
579,19.319,red,101.5,-1.2,red
582,19.419,red,101.5,-0.4,red
585,19.52,red,102.7,-0.3,red
588,19.62,red,100.5,-1.1,red
591,19.72,red,101.2,0.0,red
594,19.82,red,101.0,-0.4,red
597,19.92,red,101.7,-0.1,red
600,20.02,red,102.6,-0.3,red
603,20.12,red,101.9,-0.6,red
606,20.22,red,100.8,-1.9,red
609,20.32,red,102.1,-0.5,red
612,20.42,red,102.5,-1.1,red
615,20.521,red,101.5,-0.9,red
618,20.621,red,100.6,-1.3,red
621,20.721,red,101.9,-0.4,red
624,20.821,red,102.5,-1.2,red
627,20.921,red,102.4,-0.8,red
630,21.021,red,103.5,-1.3,red
633,21.121,red,104.0,-0.3,red
636,21.221,red,102.8,-0.8,red
639,21.321,red,102.6,-1.5,red
642,21.421,red,101.8,-0.3,red
645,21.522,red,101.4,-0.6,red
648,21.622,red,102.1,-0.9,red
651,21.722,red,101.1,0.0,red
654,21.822,red,102.4,-0.1,red
657,21.922,red,102.0,-0.6,red
660,22.022,red,102.8,0.2,red
663,22.122,red,101.1,-0.5,red
666,22.222,red,101.7,-0.4,red
669,22.322,red,101.6,0.6,red
672,22.422,red,100.9,-0.4,red
675,22.522,red,101.3,-0.4,red
678,22.623,red,101.7,-1.3,red
681,22.723,red,102.7,-1.4,red
684,22.823,red,102.1,-1.4,red
687,22.923,red,100.9,-0.7,red
690,23.023,red,102.6,-1.1,red
693,23.123,red,101.8,-1.4,red
696,23.223,red,102.0,-0.8,red
699,23.323,red,103.3,-0.6,red
702,23.423,red,102.7,-1.1,red
705,23.524,red,101.2,-0.9,red
708,23.624,red,101.6,-1.3,red
711,23.724,red,101.9,-1.3,red
714,23.824,red,102.5,0.0,red
717,23.924,red,101.8,-0.3,red
720,24.024,red,103.1,-0.8,red
723,24.124,red,103.4,-1.0,red
726,24.224,red,103.7,-0.4,red
729,24.324,red,101.7,-1.5,red
732,24.424,red,103.2,-0.4,red
735,24.524,red,102.3,-1.6,red
738,24.625,red,102.1,-1.1,red
741,24.725,red,101.7,-1.5,red
744,24.825,red,101.9,-0.9,red
747,24.925,red,103.2,-1.1,red
750,25.025,red,101.8,-0.6,red
753,25.125,red,102.7,0.4,red
756,25.225,red,102.0,-0.1,red
759,25.325,red,102.3,0.1,red
762,25.425,red,101.5,0.3,red
765,25.526,red,101.2,-0.8,red
768,25.626,red,102.6,-0.5,red
771,25.726,red,102.0,-1.0,red
774,25.826,red,102.1,-0.5,red
777,25.926,red,101.0,-0.6,red
780,26.026,red,101.2,-0.2,red
783,26.126,red,100.1,-0.3,red
786,26.226,red,100.5,-0.7,red
789,26.326,red,100.5,-0.2,red
792,26.426,red,101.8,-1.8,red
795,26.527,red,101.5,-0.3,red
798,26.627,red,101.0,-1.5,red
801,26.727,red,100.8,-1.2,red
804,26.827,red,101.3,-0.8,red
807,26.927,red,101.8,-1.4,red
810,27.027,red,100.7,-0.6,red
813,27.127,red,102.0,-0.9,red
816,27.227,red,100.9,-1.1,red
819,27.327,red,99.8,-0.7,none
822,27.427,red,100.6,-1.2,red
825,27.528,red,100.9,-1.0,red
828,27.628,red,101.5,-0.6,red
831,27.728,red,100.5,-1.0,red
834,27.828,red,99.6,-0.7,red
837,27.928,red,100.8,-0.9,red
840,28.028,red,99.7,-1.1,red
843,28.128,red,101.4,-0.5,red
846,28.228,red,99.6,-1.5,red
849,28.328,red,100.5,-0.3,red
852,28.428,red,101.3,-0.8,red
855,28.528,red,100.0,-0.8,red
858,28.629,red,100.3,-1.1,red
861,28.729,red,100.0,-0.1,red
864,28.829,red,99.9,-0.9,red
867,28.929,red,102.3,-0.6,red
870,29.029,red,100.4,-0.7,red
873,29.129,red,99.7,-0.3,red
876,29.229,red,100.4,-0.3,red
879,29.329,red,101.6,-0.8,red
882,29.429,red,101.5,-1.4,red
885,29.53,red,101.0,-1.3,red
888,29.63,red,101.1,-1.3,red
891,29.73,red,100.9,-0.0,red
894,29.83,red,100.7,-1.0,red
897,29.93,red,102.0,-0.3,red
900,30.03,red,100.1,-1.3,red
903,30.13,red,100.3,-0.7,red
906,30.23,red,100.1,-0.3,red
909,30.33,red,100.7,-1.2,red
912,30.43,red,100.5,-0.7,red
915,30.53,red,100.9,-0.8,none
918,30.631,red,101.4,-1.9,red
921,30.731,red,100.8,-0.6,red
924,30.831,red,100.9,-0.8,red
927,30.931,red,99.7,-0.5,red
930,31.031,red,101.3,-0.6,red
933,31.131,red,102.2,-0.6,red
936,31.231,red,101.4,-1.3,red
939,31.331,red,101.9,-1.3,red
942,31.431,red,102.7,-0.3,red
945,31.532,red,100.4,-0.1,red
948,31.632,red,102.4,-0.6,red
951,31.732,red,101.5,-1.5,red
954,31.832,red,102.1,0.7,red
957,31.932,red,101.0,0.1,red
960,32.032,red,100.9,-0.3,red
963,32.132,red,100.4,-1.4,red
966,32.232,red,101.1,-1.4,red
969,32.332,red,101.0,-1.0,red
972,32.432,red,100.1,-0.2,red
975,32.532,red,100.3,-1.1,red
978,32.633,red,100.7,0.2,red
981,32.733,red,101.2,-0.9,red
984,32.833,red,100.9,-0.8,red
987,32.933,red,101.2,-0.4,red
990,33.033,red,100.9,0.5,red
993,33.133,red,101.8,-0.4,red
996,33.233,red,101.2,-0.7,red
999,33.333,red,101.1,-0.0,red
1002,33.433,red,102.5,0.1,red
1005,33.534,red,101.5,-1.1,red
1008,33.634,red,101.3,-0.6,red
1011,33.734,red,102.1,-0.5,red
1014,33.834,red,102.0,-1.4,red
1017,33.934,red,100.9,-0.0,red
1020,34.034,red,101.5,-2.2,red
1023,34.134,red,102.1,-0.2,red
1026,34.234,red,101.4,-1.1,red
1029,34.334,red,101.3,-0.9,red
1032,34.434,red,101.2,-0.9,red
1035,34.534,green,8.7,96.6,green
1038,34.635,green,-2.0,97.7,green
1041,34.735,green,-4.2,97.8,green
1044,34.835,green,-4.8,95.7,green
1047,34.935,green,-3.8,96.1,green
1050,35.035,green,-3.8,97.3,green
1053,35.135,green,-3.5,96.6,green
1056,35.235,green,-4.7,96.6,green
1059,35.335,green,-2.8,96.6,green
1062,35.435,green,-3.4,96.1,green
1065,35.536,green,-5.0,95.3,green
1068,35.636,green,-4.2,96.0,green
1071,35.736,green,-5.1,96.1,green
1074,35.836,green,-4.9,95.6,green
1077,35.936,green,-4.4,96.1,green
1080,36.036,green,-4.1,95.2,green
1083,36.136,green,-4.5,94.3,green
1086,36.236,green,-4.4,95.6,green
1089,36.336,green,-4.6,95.7,green
1092,36.436,green,-3.0,95.2,green
1095,36.537,green,-4.4,95.4,green
1098,36.637,green,-3.8,94.9,green
1101,36.737,green,-5.0,94.6,green
1104,36.837,green,-5.4,96.0,green
1107,36.937,green,-4.6,95.8,green
1110,37.037,green,-4.4,95.2,green
1113,37.137,green,-4.5,96.1,green
1116,37.237,green,-4.4,95.3,green
1119,37.337,green,-4.7,95.8,green
1122,37.437,green,-4.2,95.2,green
1125,37.538,green,-4.0,95.0,green
1128,37.638,green,-4.8,95.5,green
1131,37.738,green,-5.2,96.8,green
1134,37.838,green,-3.6,95.3,green
1137,37.938,green,-4.6,95.9,green
1140,38.038,green,-3.5,96.2,green
1143,38.138,green,-4.3,96.5,green
1146,38.238,green,-5.0,96.9,green
1149,38.338,green,-3.8,96.1,green
1152,38.438,green,-4.6,96.9,green
1155,38.538,green,-4.3,96.7,green
1158,38.639,green,-3.9,96.8,green
1161,38.739,green,-5.1,96.5,green
1164,38.839,green,-4.9,97.0,green
1167,38.939,green,-5.0,98.0,green
1170,39.039,green,-4.4,97.5,green
1173,39.139,green,-4.4,96.9,green
1176,39.239,green,-3.8,99.2,green
1179,39.339,green,-4.4,96.6,green
1182,39.439,green,-4.9,98.1,green
1185,39.54,green,-4.0,97.5,green
1188,39.64,green,-4.3,98.0,green
1191,39.74,green,-4.3,97.6,green
1194,39.84,green,-4.4,98.9,green
1197,39.94,green,-4.8,97.5,green
1200,40.04,green,-3.8,97.9,green
1203,40.14,green,-4.5,97.4,green
1206,40.24,green,-4.9,97.7,green
1209,40.34,green,-3.2,98.2,green
1212,40.44,green,-4.5,97.5,green
1215,40.54,green,-4.0,98.8,green
1218,40.641,green,-4.4,98.1,green
1221,40.741,green,-4.5,99.3,green
1224,40.841,green,-5.3,99.0,green
1227,40.941,green,-4.5,98.2,green
1230,41.041,green,-4.0,98.2,green
1233,41.141,green,-5.0,98.6,green
1236,41.241,green,-4.3,96.9,green
1239,41.341,green,-3.4,97.2,green
1242,41.441,green,-4.6,98.5,green
1245,41.542,green,-4.4,96.7,green
1248,41.642,green,-4.6,97.9,green
1251,41.742,green,-4.6,98.3,green
1254,41.842,green,-4.5,97.6,green
1257,41.942,green,-5.5,96.6,green
1260,42.042,green,-5.0,98.3,green
1263,42.142,green,-4.6,96.1,green
1266,42.242,green,-4.4,98.0,green
1269,42.342,green,-3.4,97.4,green
1272,42.442,green,-5.4,96.5,green
1275,42.543,green,-4.1,97.0,green
1278,42.643,green,-4.3,96.4,green
1281,42.743,green,-5.0,96.0,green
1284,42.843,green,-4.9,95.4,green
1287,42.943,green,-4.8,96.5,green
1290,43.043,green,-4.7,95.7,green
1293,43.143,green,-4.7,96.5,green
1296,43.243,green,-4.9,95.8,green
1299,43.343,green,-4.9,96.7,green
1302,43.443,green,-4.4,96.5,green
1305,43.544,green,-5.1,96.5,green
1308,43.644,green,-4.1,96.6,green
1311,43.744,green,-5.1,95.9,green
1314,43.844,green,-5.6,96.8,green
1317,43.944,green,-4.2,97.1,green
1320,44.044,green,-4.3,97.0,green
1323,44.144,green,-5.2,97.9,green
1326,44.244,green,-3.8,97.4,green
1329,44.344,green,-3.6,98.2,green
1332,44.444,green,-3.5,98.4,green
1335,44.544,green,-4.1,99.1,green
1338,44.645,green,-4.8,97.8,green
1341,44.745,green,-3.9,97.6,green
1344,44.845,green,-3.8,97.7,green
1347,44.945,green,-4.3,98.2,green
1350,45.045,green,-4.0,98.5,green
1353,45.145,green,-3.5,98.0,green
1356,45.245,green,-3.9,98.9,green
1359,45.345,green,-3.7,97.6,green
1362,45.445,green,-5.8,97.7,green
1365,45.546,green,-4.4,97.8,green
1368,45.646,green,-5.8,98.0,green
1371,45.746,green,-4.4,97.8,green
1374,45.846,green,-5.1,97.8,green
1377,45.946,green,-5.6,98.2,green
1380,46.046,green,-5.7,97.8,green
1383,46.146,green,-5.8,98.6,green
1386,46.246,green,-4.7,97.7,green
1389,46.346,green,-3.9,97.5,green
1392,46.446,green,-3.3,100.0,green
1395,46.546,green,-3.5,100.6,green
1398,46.647,green,-4.8,99.0,green
1401,46.747,green,-5.3,98.8,green
1404,46.847,green,-4.1,98.4,green
1407,46.947,green,-3.9,98.4,green
1410,47.047,green,-3.8,97.0,green
1413,47.147,green,-4.9,100.2,green
1416,47.247,green,-4.5,101.6,green
1419,47.347,green,-3.8,101.3,green
1422,47.447,green,-3.6,101.0,green
1425,47.548,green,-4.7,99.0,green
1428,47.648,green,-4.5,98.6,green
1431,47.748,green,-4.1,100.0,green
1434,47.848,green,-4.5,99.9,green
1437,47.948,green,-4.5,100.0,green
1440,48.048,green,-4.3,100.1,green
1443,48.148,green,-4.5,100.2,green
1446,48.248,green,-3.5,98.8,green
1449,48.348,green,-4.4,98.5,green
1452,48.448,green,-3.4,100.0,green
1455,48.549,green,-4.1,99.8,green
1458,48.649,green,-3.9,100.5,green
1461,48.749,green,-4.6,101.7,green
1464,48.849,green,-4.4,100.4,green
1467,48.949,green,-4.8,100.1,green
1470,49.049,green,-3.9,97.3,green
1473,49.149,green,-5.3,97.7,green
1476,49.249,green,-3.3,98.9,green
1479,49.349,green,-4.1,99.3,green
1482,49.449,green,-4.2,100.1,green
1485,49.55,green,-4.0,99.8,green
1488,49.65,green,-4.3,98.0,green
1491,49.75,green,-5.2,101.6,green
1494,49.85,green,-5.5,98.1,green
1497,49.95,green,-5.7,99.2,green
1500,50.05,green,-4.0,99.3,green
1503,50.15,green,-5.2,98.9,green
1506,50.25,green,-4.3,99.8,green
1509,50.35,green,-4.6,99.5,green
1512,50.45,green,-4.3,98.4,green
1515,50.55,green,-4.3,97.7,green
1518,50.651,green,-4.9,98.7,green
1521,50.751,green,-4.5,100.6,green
1524,50.851,green,-4.5,99.4,green
1527,50.951,green,-3.8,98.8,green
1530,51.051,green,-5.6,96.1,green
1533,51.151,green,-4.9,97.2,green
1536,51.251,green,-4.0,97.2,green
1539,51.351,green,-4.6,97.1,green
1542,51.451,green,-5.6,97.0,green
1545,51.552,green,-4.9,97.2,green
1548,51.652,green,-4.3,98.7,green
1551,51.752,green,-4.3,98.7,green
1554,51.852,green,-3.5,97.6,green
1557,51.952,green,-4.2,97.8,green
1560,52.052,green,-4.5,97.4,green
1563,52.152,green,-4.7,97.9,green
1566,52.252,green,-5.0,98.6,green
1569,52.352,green,-4.5,97.4,green
1572,52.452,green,-4.4,98.0,green
1575,52.552,green,-5.3,97.3,green
1578,52.653,green,-4.2,99.1,green
1581,52.753,green,-4.0,99.2,green
1584,52.853,green,-4.9,97.5,green
1587,52.953,green,-5.4,98.5,green
1590,53.053,green,-4.4,97.4,green
1593,53.153,green,-4.2,97.6,green
1596,53.253,green,-3.5,97.9,green
1599,53.353,green,-3.6,97.8,green
1602,53.453,green,-3.9,97.9,green
1605,53.554,green,-3.8,97.5,green
1608,53.654,green,-3.8,98.6,green
1611,53.754,green,-4.0,99.2,green
1614,53.854,green,-3.9,98.4,green
1617,53.954,green,-3.2,97.7,amber
1620,54.054,green,-4.7,99.1,green
1623,54.154,green,-4.9,99.0,green
1626,54.254,green,-5.5,98.9,green
1629,54.354,green,-4.2,99.5,green
1632,54.454,green,-4.7,99.6,green
1635,54.555,green,-4.8,99.7,green
1638,54.655,green,-5.0,100.8,green
1641,54.755,green,-3.8,99.9,green
1644,54.855,green,-3.9,100.9,green
1647,54.955,green,-4.2,100.3,green
1650,55.055,green,-5.3,101.7,green
1653,55.155,green,-5.1,101.6,green
1656,55.255,green,-3.8,99.9,green
1659,55.355,green,-5.4,99.6,green
1662,55.455,green,-5.3,100.5,green
1665,55.556,green,-5.1,100.2,green
1668,55.656,green,-3.8,100.7,green
1671,55.756,green,-3.9,100.5,green
1674,55.856,green,-5.3,101.8,green
1677,55.956,green,-4.5,102.8,green
1680,56.056,green,-4.9,102.1,green
1683,56.156,green,-3.9,102.3,green
1686,56.256,green,-3.9,102.6,green
1689,56.356,green,-5.0,102.3,green
1692,56.456,green,-4.4,102.6,green
1695,56.556,green,-4.6,102.9,green
1698,56.657,green,-6.7,102.2,green
1701,56.757,green,-5.2,103.3,green
1704,56.857,green,-5.4,103.9,green
1707,56.957,green,-6.0,104.3,green
1710,57.057,green,-5.5,104.2,green
1713,57.157,green,-4.4,103.6,green
1716,57.257,green,-5.1,102.4,green
1719,57.357,green,-5.3,102.3,green
1722,57.457,green,-4.7,102.7,green
1725,57.558,green,-5.2,104.5,green
1728,57.658,green,-5.7,103.7,green
1731,57.758,green,-4.6,103.8,green
1734,57.858,green,-5.0,102.3,green
1737,57.958,green,-4.8,102.3,green
1740,58.058,green,-5.6,102.3,green
1743,58.158,green,-6.0,102.2,green
1746,58.258,green,-6.1,102.7,green
1749,58.358,green,-5.3,102.5,green
1752,58.458,green,-5.0,103.2,green
1755,58.558,green,-5.3,103.3,green
1758,58.659,green,-5.4,104.6,green
1761,58.759,green,-5.7,103.7,green
1764,58.859,green,-5.8,103.7,green
1767,58.959,green,-5.6,102.9,green
1770,59.059,green,-4.1,104.8,green
1773,59.159,green,-4.9,104.3,green
1776,59.259,green,-4.9,104.5,green
1779,59.359,green,-5.3,103.1,green
1782,59.459,green,-5.3,104.4,green
1785,59.56,green,-5.8,104.0,green
1788,59.66,green,-6.6,104.9,green
1791,59.76,green,-6.2,105.1,green
1794,59.86,green,-5.8,104.3,green
1797,59.96,green,-6.1,104.7,green
1800,60.06,green,-5.2,104.7,green
1803,60.16,green,-5.1,103.4,green
1806,60.26,green,-5.9,104.2,green
1809,60.36,green,-5.5,104.0,green
1812,60.46,green,-6.0,105.7,green
1815,60.56,green,-5.6,104.7,green
1818,60.661,green,-4.2,103.6,green
1821,60.761,green,-5.7,104.4,green
1824,60.861,green,-5.9,105.9,green
1827,60.961,green,-4.6,104.9,green
1830,61.061,green,-4.8,103.9,green
1833,61.161,green,-5.0,103.4,green
1836,61.261,green,-5.3,103.3,green
1839,61.361,green,-5.9,103.5,green
1842,61.461,green,-5.0,103.3,green
1845,61.562,green,-5.5,102.2,green
1848,61.662,green,-4.9,101.9,green
1851,61.762,green,-4.7,103.2,green
1854,61.862,green,-6.3,102.8,green
1857,61.962,green,-6.0,103.7,green
1860,62.062,green,-6.1,102.5,green
1863,62.162,green,-5.6,101.0,green
1866,62.262,green,-5.9,103.3,green
1869,62.362,green,-5.4,102.8,green
1872,62.462,green,-5.4,102.1,green
1875,62.562,green,-6.5,102.7,green
1878,62.663,green,-4.8,103.2,green
1881,62.763,green,-5.5,103.9,green
1884,62.863,green,-4.9,103.2,green
1887,62.963,green,-5.7,103.0,green
1890,63.063,green,-4.6,101.7,green
1893,63.163,green,-4.4,102.7,green
1896,63.263,green,-5.8,102.2,green
1899,63.363,green,-5.7,102.5,green
1902,63.463,green,-4.2,102.4,green
1905,63.564,green,-5.0,102.5,green
1908,63.664,green,-4.8,102.9,green
1911,63.764,green,-3.4,103.0,green
1914,63.864,green,-5.2,103.2,green
1917,63.964,green,-4.9,104.0,green
1920,64.064,green,-4.8,103.5,green
1923,64.164,green,-5.0,103.6,green
1926,64.264,green,-3.7,103.8,green
1929,64.364,green,-5.4,104.4,green
1932,64.464,green,-5.0,104.3,green
1935,64.564,green,-4.5,105.1,green
1938,64.665,green,-6.5,105.8,green
1941,64.765,green,-5.1,106.0,green
1944,64.865,green,-4.7,104.8,green
1947,64.965,green,-5.3,104.7,green
1950,65.065,green,-3.8,106.2,green
1953,65.165,green,-4.6,105.2,green
1956,65.265,green,-5.2,105.9,green
1959,65.365,green,-4.5,105.4,green
1962,65.465,green,-4.7,105.1,green
1965,65.566,green,-4.4,106.3,green
1968,65.666,green,-5.5,105.7,green
1971,65.766,green,-5.2,106.4,green
1974,65.866,green,-5.4,105.2,green
1977,65.966,green,-6.5,105.6,green
1980,66.066,green,-6.0,105.2,green
1983,66.166,green,-6.4,106.4,green
1986,66.266,green,-6.9,108.5,green
1989,66.366,green,-4.6,108.7,green
1992,66.466,green_flash,-5.6,47.6,none
1995,66.566,green_flash,-4.8,1.5,none
1998,66.667,green_flash,-5.2,0.6,none
2001,66.767,green_flash,-5.8,1.0,none
2004,66.867,green_flash,-4.5,0.6,none
2007,66.967,green,-6.1,108.6,green
2010,67.067,green,-6.3,106.0,green
2013,67.167,green,-5.0,106.4,green
2016,67.267,green,-5.7,107.7,green
2019,67.367,green,-6.0,106.4,green
2022,67.467,green_flash,-5.7,42.5,none
2025,67.568,green_flash,-4.5,1.3,none
2028,67.668,green_flash,-4.5,0.6,none
2031,67.768,green_flash,-5.1,-0.1,none
2034,67.868,green_flash,-3.9,-0.4,none
2037,67.968,green,-5.4,110.5,green
2040,68.068,green,-5.8,107.5,green
2043,68.168,green,-5.3,108.2,green
2046,68.268,green,-6.1,106.2,green
2049,68.368,green,-5.6,105.3,green
2052,68.468,green_flash,-5.3,40.7,none
2055,68.568,green_flash,-4.9,0.8,none
2058,68.669,green_flash,-6.3,0.0,none
2061,68.769,green_flash,-5.4,-0.0,none
2064,68.869,green_flash,-4.6,0.7,none
2067,68.969,green,-4.8,109.5,green
2070,69.069,green,-3.6,106.6,green
2073,69.169,green,-4.5,107.3,green
2076,69.269,green,-4.1,109.4,green
2079,69.369,green,-4.4,109.1,green
2082,69.469,red,105.8,36.2,red
2085,69.57,red,105.3,0.6,red
2088,69.67,red,109.1,-0.9,red
2091,69.77,red,105.9,-0.0,red
2094,69.87,red,106.5,-0.8,red
2097,69.97,red,106.4,-0.2,red
2100,70.07,red,106.6,-1.3,red
2103,70.17,red,108.9,-1.1,red
2106,70.27,red,105.5,-1.9,red
2109,70.37,red,106.7,-0.4,red
2112,70.47,red,106.3,0.2,red
2115,70.57,red,107.3,-0.0,red
2118,70.671,red,106.9,-0.4,red
2121,70.771,red,108.0,0.2,red
2124,70.871,red,106.8,0.5,red
2127,70.971,red,107.7,0.2,red
2130,71.071,red,105.9,0.2,red
2133,71.171,red,106.3,-1.4,red
2136,71.271,red,107.6,-0.2,red
2139,71.371,red,107.6,-0.4,red
2142,71.471,red,106.6,-0.4,red
2145,71.572,red,107.1,-1.1,red
2148,71.672,red,106.9,-0.6,red
2151,71.772,red,107.4,0.1,red
2154,71.872,red,108.2,-0.9,red
2157,71.972,red,106.5,-0.5,red
2160,72.072,red,107.7,-0.1,red
2163,72.172,red,107.0,-0.3,red
2166,72.272,red,107.1,-1.1,red
2169,72.372,red,107.6,-0.3,red
2172,72.472,red,107.3,0.5,red
2175,72.572,red,106.0,0.2,red
2178,72.673,red,109.1,-0.7,red
2181,72.773,red,107.2,-0.3,red
2184,72.873,red,107.2,-0.3,red
2187,72.973,red,107.5,-0.8,red
2190,73.073,red,107.2,-1.1,red
2193,73.173,red,107.1,-1.1,red
2196,73.273,red,105.5,-2.0,red
2199,73.373,red,106.4,-1.4,red
2202,73.473,red,106.1,-0.4,red
2205,73.574,red,108.0,-0.2,red
2208,73.674,red,107.0,-0.7,red
2211,73.774,red,107.2,-1.4,red
2214,73.874,red,106.6,-1.4,red
2217,73.974,red,107.0,-1.7,red
2220,74.074,red,107.4,-0.4,red
2223,74.174,red,107.8,-0.8,red
2226,74.274,red,107.6,-0.2,red
2229,74.374,red,108.2,-1.1,red
2232,74.474,red,107.3,-0.4,red
2235,74.574,red,107.7,-1.8,red
2238,74.675,red,107.2,-1.5,red
2241,74.775,red,108.5,-0.4,red
2244,74.875,red,106.7,0.1,red
2247,74.975,red,107.2,-0.2,red
2250,75.075,red,106.8,-0.9,red
2253,75.175,red,106.9,-1.5,red
2256,75.275,red,107.0,-0.4,red
2259,75.375,red,107.4,-1.2,red
2262,75.475,red,106.9,-1.3,red
2265,75.576,red,106.5,-1.0,red
2268,75.676,red,108.2,0.2,red
2271,75.776,red,107.5,-1.4,red
2274,75.876,red,108.3,-1.0,red
2277,75.976,red,108.4,-0.1,red
2280,76.076,red,109.2,-1.1,red
2283,76.176,red,108.8,-1.6,red
2286,76.276,red,109.5,-1.4,red
2289,76.376,red,108.1,-0.9,red
2292,76.476,red,108.4,-0.7,red
2295,76.576,red,108.1,-0.7,red
2298,76.677,red,107.3,-0.2,red
2301,76.777,red,107.0,-0.5,red
2304,76.877,red,107.1,-1.9,red
2307,76.977,red,107.5,-1.7,red
2310,77.077,red,106.9,-2.0,red
2313,77.177,red,107.1,-1.3,red
2316,77.277,red,108.5,-0.7,red
2319,77.377,red,109.7,-0.4,red
2322,77.477,red,108.4,-1.1,red
2325,77.578,red,108.3,0.0,red
2328,77.678,red,108.8,0.4,red
2331,77.778,red,108.7,-0.7,red
2334,77.878,red,108.5,-1.6,red
2337,77.978,red,108.4,-1.8,red
2340,78.078,red,107.4,-0.6,red
2343,78.178,red,107.6,-0.5,red
2346,78.278,red,108.0,-0.9,red
2349,78.378,red,107.8,0.6,red
2352,78.478,red,107.3,-0.7,red
2355,78.578,red,108.2,0.6,red
2358,78.679,red,107.9,-0.1,red
2361,78.779,red,107.5,-1.0,red
2364,78.879,red,106.8,-1.1,red
2367,78.979,red,107.8,-0.9,red
2370,79.079,red,108.4,-0.1,red
2373,79.179,red,106.7,-0.5,red
2376,79.279,red,107.5,-1.3,red
2379,79.379,red,108.4,-0.4,red
2382,79.479,red,108.8,0.1,red
2385,79.58,red,108.9,-0.7,red
2388,79.68,red,108.7,-1.5,red
2391,79.78,red,109.4,-0.5,red
2394,79.88,red,108.9,-0.2,red
2397,79.98,red,106.5,-1.5,red
2400,80.08,red,108.0,-0.8,red
2403,80.18,red,108.0,-0.4,red
2406,80.28,red,108.4,-1.2,red
2409,80.38,red,107.7,-0.8,red
2412,80.48,red,108.6,-0.4,red
2415,80.58,red,109.2,0.4,red
2418,80.681,red,108.8,-0.6,red
2421,80.781,red,109.1,-0.7,red
2424,80.881,red,107.6,-0.0,red
2427,80.981,red,108.0,0.1,red
2430,81.081,red,107.9,-0.5,red
2433,81.181,red,106.8,-1.1,red
2436,81.281,red,109.7,-0.5,red
2439,81.381,red,107.6,-1.0,red
2442,81.481,red,108.1,-0.9,red
2445,81.582,red,108.4,-1.6,red
2448,81.682,red,107.4,-1.9,red
2451,81.782,red,107.4,-0.8,red
2454,81.882,red,107.1,-1.2,red
2457,81.982,red,108.1,-0.7,red
2460,82.082,red,108.5,-0.2,red
2463,82.182,red,107.6,-1.7,red
2466,82.282,red,107.1,-1.2,red
2469,82.382,red,109.0,-1.1,red
2472,82.482,red,107.1,-1.3,red
2475,82.582,red,108.0,-1.3,red
2478,82.683,red,108.1,-1.0,red
2481,82.783,red,107.3,-0.4,red
2484,82.883,red,107.7,-1.2,red
2487,82.983,red,107.3,-1.2,red
2490,83.083,red,106.9,-1.2,red
2493,83.183,red,107.0,-1.3,red
2496,83.283,red,107.4,-0.7,red
2499,83.383,red,106.3,-1.5,red
2502,83.483,red,107.3,-0.9,red
2505,83.584,red,107.8,-0.8,red
2508,83.684,red,107.6,-0.2,red
2511,83.784,red,107.1,-1.8,red
2514,83.884,red,108.3,0.3,red
2517,83.984,red,107.2,-0.4,red
2520,84.084,red,108.8,-1.3,red
2523,84.184,red,107.6,-1.1,red
2526,84.284,red,106.7,-0.6,red
2529,84.384,red,106.7,-0.5,red
2532,84.484,red,108.1,-0.8,red
2535,84.584,red,108.0,-0.7,red
2538,84.685,red,106.9,-0.6,red
2541,84.785,red,107.5,-0.2,red
2544,84.885,red,106.4,-0.7,red
2547,84.985,red,108.6,-1.2,red
2550,85.085,red,106.6,-1.1,red
2553,85.185,red,107.0,-0.7,red
2556,85.285,red,108.2,-1.0,red
2559,85.385,red,107.2,-1.8,red
2562,85.485,red,108.0,-0.5,red
2565,85.586,red,108.0,-1.1,red
2568,85.686,red,107.8,-1.0,red
2571,85.786,red,108.3,-0.7,red
2574,85.886,red,108.1,-1.4,red
2577,85.986,red,108.9,-1.5,red
2580,86.086,red,107.7,-1.4,red
2583,86.186,red,106.5,-1.0,red
2586,86.286,red,106.7,0.4,red
2589,86.386,red,108.1,-0.9,red
2592,86.486,red,107.9,-1.3,red
2595,86.586,red,107.8,-1.1,red
2598,86.687,red,106.3,-0.7,red
2601,86.787,red,107.1,0.8,red
2604,86.887,red,107.9,-2.2,red
2607,86.987,red,106.2,1.1,red
2610,87.087,red,105.5,0.3,red
2613,87.187,red,106.2,0.0,red
2616,87.287,red,108.8,-0.8,red
2619,87.387,red,108.3,-0.5,red
2622,87.487,red,107.3,-1.2,red
2625,87.588,red,106.4,-1.0,red
2628,87.688,red,107.8,-1.7,red
2631,87.788,red,107.0,-1.5,red
2634,87.888,red,107.0,-0.6,red
2637,87.988,red,107.1,-1.1,red
2640,88.088,red,108.4,-0.6,red
2643,88.188,red,107.2,0.3,red
2646,88.288,red,108.5,-1.3,red
2649,88.388,red,107.4,-1.1,red
2652,88.488,red,109.3,-0.9,red
2655,88.588,red,108.2,-0.8,red
2658,88.689,red,107.1,0.0,red
2661,88.789,red,107.2,-0.8,red
2664,88.889,red,107.4,-1.0,red
2667,88.989,red,106.7,-1.8,red
2670,89.089,red,108.2,-0.9,red
2673,89.189,red,108.3,0.2,red
2676,89.289,red,109.0,-1.2,red
2679,89.389,red,107.9,-0.8,red
2682,89.489,red,107.9,0.2,red
2685,89.59,red,108.0,-0.9,red
2688,89.69,red,108.7,-1.5,red
2691,89.79,red,107.9,-1.5,red
2694,89.89,red,106.9,-1.6,red
2697,89.99,red,107.1,-0.9,red
2700,90.09,red,107.4,-0.7,red
2703,90.19,red,108.0,-0.4,red
2706,90.29,red,108.4,-0.2,red
2709,90.39,red,107.6,-0.3,red
2712,90.49,red,108.5,-0.6,red
2715,90.59,red,108.1,-0.2,red
2718,90.691,red,107.0,-0.3,red
2721,90.791,red,108.2,-1.2,red
2724,90.891,red,107.8,-1.4,red
2727,90.991,red,107.9,-0.8,red
2730,91.091,red,107.3,0.4,red
2733,91.191,red,108.3,-0.5,red
2736,91.291,red,107.2,0.1,red
2739,91.391,red,107.7,-1.3,red
2742,91.491,red,108.2,0.1,red
2745,91.592,red,105.9,0.2,red
2748,91.692,red,108.1,-0.5,red
2751,91.792,red,107.6,-1.0,red
2754,91.892,red,107.4,-1.2,red
2757,91.992,red,106.8,-1.8,red
2760,92.092,red,107.9,-0.0,red
2763,92.192,red,107.7,0.1,red
2766,92.292,red,108.4,-0.9,red
2769,92.392,red,107.8,-1.2,red
2772,92.492,red,107.8,-0.3,red
2775,92.592,red,107.9,-0.8,red
2778,92.693,red,107.8,-1.5,red
2781,92.793,red,107.3,-0.2,red
2784,92.893,red,107.3,-2.3,red
2787,92.993,red,108.1,-1.3,red
2790,93.093,red,108.3,-0.8,red
2793,93.193,red,108.1,0.1,red
2796,93.293,red,108.2,-1.1,red
2799,93.393,red,108.2,-1.0,red
2802,93.493,red,108.7,-1.3,red
2805,93.594,red,109.3,-0.9,red
2808,93.694,red,107.2,-0.3,red
2811,93.794,red,106.8,-1.3,red
2814,93.894,red,107.1,1.3,red
2817,93.994,red,109.5,-0.2,red
2820,94.094,red,108.3,-1.0,red
2823,94.194,red,108.3,-1.5,red
2826,94.294,red,108.4,-1.3,red
2829,94.394,red,108.4,-0.1,red
2832,94.494,red,107.9,-0.7,red
2835,94.594,red,108.3,-2.4,red
2838,94.695,red,107.0,-1.9,red
2841,94.795,red,108.1,-1.6,red
2844,94.895,red,107.1,-0.8,red
2847,94.995,red,106.9,-0.6,red
2850,95.095,red,106.4,-0.6,red
2853,95.195,red,106.7,-1.6,red
2856,95.295,red,107.7,-2.5,red
2859,95.395,red,107.5,-1.0,red
2862,95.495,red,107.9,-0.6,red
2865,95.596,red,108.2,-0.6,red
2868,95.696,red,108.6,-0.4,red
2871,95.796,red,108.3,-0.2,red
2874,95.896,red,107.7,-0.6,red
2877,95.996,red,108.0,-0.5,red
2880,96.096,red,107.5,-0.5,red
2883,96.196,red,107.0,-0.2,red
2886,96.296,red,107.8,-0.4,red
2889,96.396,red,107.8,-0.0,red
2892,96.496,red,108.3,0.7,red
2895,96.596,red,107.3,-1.0,red
2898,96.697,red,107.3,0.6,red
2901,96.797,red,107.0,-1.4,red
2904,96.897,red,106.7,0.4,red
2907,96.997,red,106.9,0.3,red
2910,97.097,red,107.7,-0.3,red
2913,97.197,red,107.6,-1.0,red
2916,97.297,red,107.5,-0.3,red
2919,97.397,red,107.3,-1.0,red
2922,97.497,red,107.4,-1.2,red
2925,97.598,red,107.6,-0.2,red
2928,97.698,red,106.6,-1.0,red
2931,97.798,red,106.7,-1.2,red
2934,97.898,red,107.4,-1.2,red
2937,97.998,red,106.2,-0.8,red
2940,98.098,red,107.5,-1.5,red
2943,98.198,red,108.2,-1.7,red
2946,98.298,red,107.9,-0.9,red
2949,98.398,red,106.5,-1.2,red
2952,98.498,red,107.5,-0.3,red
2955,98.598,red,107.9,-0.9,red
2958,98.699,red,107.5,-1.3,red
2961,98.799,red,107.0,-0.3,red
2964,98.899,red,107.9,-0.1,red
2967,98.999,red,107.4,-0.5,red
2970,99.099,red,109.3,-1.1,red
2973,99.199,red,108.8,-0.2,red
2976,99.299,red,107.5,-1.3,red
2979,99.399,red,108.0,-1.0,red
2982,99.499,red,107.7,-0.8,red
2985,99.6,red,107.5,-0.5,red
2988,99.7,red,106.3,-2.1,red
2991,99.8,red,107.0,-0.6,red
2994,99.9,red,108.2,-1.7,red
2997,100.0,red,107.0,0.2,red
3000,100.1,red,107.7,0.3,red
3003,100.2,red,107.4,-1.4,red
3006,100.3,red,107.0,-0.6,red
3009,100.4,red,106.7,0.0,red
3012,100.5,red,107.6,-1.5,red
3015,100.6,red,108.2,-1.4,red
3018,100.701,red,107.8,-2.2,red
3021,100.801,red,108.4,-1.7,red
3024,100.901,red,107.7,-1.7,red
3027,101.001,red,107.0,-0.5,red
3030,101.101,red,106.6,-0.9,red
3033,101.201,red,107.3,-1.4,red
3036,101.301,red,106.2,-1.4,red
3039,101.401,red,107.4,-0.8,red
3042,101.501,red,108.7,-1.5,red
3045,101.602,red,107.5,-1.6,red
3048,101.702,red,109.0,-0.8,red
3051,101.802,red,107.3,-0.8,red
3054,101.902,red,107.0,-1.4,red
3057,102.002,red,108.1,-0.0,red
3060,102.102,red,107.0,-0.9,red
3063,102.202,red,106.8,-1.4,red
3066,102.302,red,106.7,-1.3,red
3069,102.402,red,106.4,-1.4,red
3072,102.502,red,106.7,-0.4,red
3075,102.602,red,107.6,-0.2,red
3078,102.703,red,109.0,-0.9,red
3081,102.803,red,108.5,-1.0,red
3084,102.903,red,105.9,-1.2,red
3087,103.003,red,108.0,-1.4,red
3090,103.103,red,105.8,-0.6,red
3093,103.203,red,107.2,0.3,red
3096,103.303,red,107.6,-0.8,red
3099,103.403,red,106.8,-0.0,red
3102,103.503,red,107.8,-0.9,red
3105,103.604,red,108.1,-0.4,red
3108,103.704,red,107.4,-0.6,red
3111,103.804,red,108.2,-1.5,red
3114,103.904,red,107.3,-0.4,red
3117,104.004,red,107.5,0.7,red
3120,104.104,red,107.2,-0.6,red
3123,104.204,red,108.1,-0.3,red
3126,104.304,red,107.2,-1.2,red
3129,104.404,red,108.5,-0.5,red
3132,104.504,red,108.6,-1.1,red
3135,104.604,red,107.7,-0.0,red
3138,104.705,red,106.7,-1.0,red
3141,104.805,red,106.4,-1.2,red
3144,104.905,red,107.2,-0.8,red
3147,105.005,red,108.1,-0.5,red
3150,105.105,red,109.1,-1.4,red
3153,105.205,red,108.2,-1.4,red
3156,105.305,red,108.2,-1.2,red
3159,105.405,red,107.1,-1.2,red
3162,105.505,red,107.1,-0.3,red
3165,105.606,red,107.9,-0.8,red
3168,105.706,red,107.3,-0.9,red
3171,105.806,red,107.3,-0.6,red
3174,105.906,red,106.2,-0.4,red
3177,106.006,red,107.8,-0.7,red
3180,106.106,red,107.0,-0.7,red
3183,106.206,red,107.1,-0.9,red
3186,106.306,red,106.9,-0.1,red
3189,106.406,red,107.3,0.2,red
3192,106.506,red,105.6,-0.3,red
3195,106.606,red,108.3,-1.1,red
3198,106.707,red,106.9,0.8,red
3201,106.807,red,107.8,-0.1,red
3204,106.907,red,107.5,-1.0,red
3207,107.007,red,108.0,-1.6,red
3210,107.107,red,109.7,-1.5,red
3213,107.207,red,108.9,-1.8,red
3216,107.307,red,109.5,-1.4,red
3219,107.407,red,108.2,-0.9,red
3222,107.507,red,109.0,0.3,red
3225,107.608,red,107.8,0.0,red
3228,107.708,red,107.8,-0.8,red
3231,107.808,red,108.0,-1.1,red
3234,107.908,red,107.7,-1.3,red
3237,108.008,red,108.4,-0.4,red
3240,108.108,red,106.8,-0.9,red
3243,108.208,red,107.1,0.1,red
3246,108.308,red,107.0,-0.2,red
3249,108.408,red,106.4,-0.9,red
3252,108.508,red,106.3,-1.0,red
3255,108.608,red,107.3,-1.6,red
3258,108.709,red,106.4,0.7,red
3261,108.809,red,106.9,-1.1,red
3264,108.909,red,108.1,-0.9,red
3267,109.009,red,108.0,-1.0,red
3270,109.109,red,108.6,-0.3,red
3273,109.209,red,107.5,-1.7,red
3276,109.309,red,107.0,-0.6,red
3279,109.409,red,106.7,-0.9,red
3282,109.509,red,107.9,-1.3,red
3285,109.61,red,106.7,-1.5,red
3288,109.71,red,108.8,-0.3,red
3291,109.81,red,107.9,-0.8,red
3294,109.91,red,108.0,-0.1,red
3297,110.01,red,108.4,-1.3,red
3300,110.11,red,108.3,-0.3,red
3303,110.21,red,108.5,-0.4,red
3306,110.31,red,108.6,-1.2,red
3309,110.41,red,108.7,-0.3,red
3312,110.51,red,108.2,-1.6,red
3315,110.61,red,109.1,-1.4,red
3318,110.711,red,107.7,-0.4,red
3321,110.811,red,108.0,-1.1,red
3324,110.911,red,108.7,-1.8,red
3327,111.011,red,108.7,-0.7,red
3330,111.111,red,106.8,-0.5,red
3333,111.211,red,107.5,-0.2,red
3336,111.311,red,108.4,-0.1,red
3339,111.411,red,107.6,-0.8,red
3342,111.511,red,107.9,1.0,red
3345,111.612,red,107.8,-0.3,red
3348,111.712,red,108.2,-1.0,red
3351,111.812,red,107.3,-0.1,red
3354,111.912,red,106.4,-1.1,red
3357,112.012,red,107.0,-1.0,red
3360,112.112,red,106.4,-1.1,red
3363,112.212,red,106.6,0.5,red
3366,112.312,red,105.2,-0.9,red
3369,112.412,red,105.7,0.4,red
3372,112.512,red,105.5,-1.0,red
3375,112.612,red,106.3,-0.8,red
3378,112.713,red,105.3,-0.3,red
3381,112.813,red,104.9,-0.9,red
3384,112.913,red,104.2,-0.9,red
3387,113.013,red,104.7,0.0,red
3390,113.113,red,102.2,-0.6,red
3393,113.213,red,103.4,-0.5,red
3396,113.313,red,102.7,-0.0,red
3399,113.413,red,102.4,-0.3,red
3402,113.513,red,103.4,-0.1,red
3405,113.614,red,101.5,-0.6,red
3408,113.714,red,101.6,-1.1,red
3411,113.814,red,101.6,-2.4,red
3414,113.914,red,101.3,-0.4,red
3417,114.014,red,101.3,-0.5,red
3420,114.114,red,101.4,-1.1,red
3423,114.214,red,102.0,-1.0,red
3426,114.314,red,101.5,-0.9,red
3429,114.414,red,100.2,-1.1,red
3432,114.514,green,14.4,100.8,green
3435,114.614,green,-1.1,99.0,green
3438,114.715,green,-4.1,101.0,green
3441,114.815,green,-4.3,99.1,green
3444,114.915,green,-3.7,98.9,green
3447,115.015,green,-4.0,99.3,green
3450,115.115,green,-4.8,99.5,green
3453,115.215,green,-4.5,99.9,green
3456,115.315,green,-4.5,99.1,green
3459,115.415,green,-3.3,100.4,green
3462,115.515,green,-2.7,98.7,green
3465,115.616,green,-3.7,100.0,green
3468,115.716,green,-4.7,99.4,green
3471,115.816,green,-4.2,98.6,green
3474,115.916,green,-3.8,99.2,green
3477,116.016,green,-4.0,98.9,green
3480,116.116,green,-4.0,100.0,green
3483,116.216,green,-3.8,98.8,green
3486,116.316,green,-4.8,98.3,green
3489,116.416,green,-4.3,98.0,green
3492,116.516,green,-4.2,97.8,green
3495,116.616,green,-4.5,100.0,green
3498,116.717,green,-3.4,99.3,green
3501,116.817,green,-3.4,99.3,green
3504,116.917,green,-3.4,97.1,green
3507,117.017,green,-3.5,98.5,green
3510,117.117,green,-3.4,98.1,green
3513,117.217,green,-3.7,97.5,green
3516,117.317,green,-3.3,98.3,green
3519,117.417,green,-3.6,97.7,green
3522,117.517,green,-3.1,98.2,green
3525,117.618,green,-3.3,97.1,green
3528,117.718,green,-3.4,98.5,green
3531,117.818,green,-3.6,97.3,green
3534,117.918,green,-3.3,96.5,green
3537,118.018,green,-3.4,97.1,green
3540,118.118,green,-3.2,97.5,green
3543,118.218,green,-3.4,98.3,green
3546,118.318,green,-3.3,97.4,green
3549,118.418,green,-3.9,97.1,green
3552,118.518,green,-2.8,97.6,green
3555,118.618,green,-4.4,97.3,green
3558,118.719,green,-2.3,97.9,green
3561,118.819,green,-3.5,97.7,green
3564,118.919,green,-3.4,97.3,green
3567,119.019,green,-3.9,97.4,green
3570,119.119,green,-3.9,96.3,green
3573,119.219,green,-3.8,97.3,green
3576,119.319,green,-3.1,97.7,green
3579,119.419,green,-2.6,97.1,green
3582,119.519,green,-4.5,96.6,green
3585,119.62,green,-4.0,97.1,green
3588,119.72,green,-3.1,97.6,green
3591,119.82,green,-3.7,97.9,green
3594,119.92,green,-4.4,97.3,green
3597,120.02,green,-3.8,97.0,green
3600,120.12,green,-2.8,97.3,green
3603,120.22,green,-3.9,97.4,green
3606,120.32,green,-3.4,99.4,green
3609,120.42,green,-3.8,97.8,green
3612,120.52,green,-2.9,97.8,green
3615,120.62,green,-3.7,99.6,green
3618,120.721,green,-3.4,98.7,green
3621,120.821,green,-3.4,98.6,green
3624,120.921,green,-4.0,98.2,green
3627,121.021,green,-2.9,98.6,green
3630,121.121,green,-3.8,97.8,green
3633,121.221,green,-4.7,99.3,green
3636,121.321,green,-3.1,96.7,green
3639,121.421,green,-4.3,98.0,green
3642,121.521,green,-4.2,98.5,green
3645,121.622,green,-3.8,98.8,green
3648,121.722,green,-4.4,99.1,green
3651,121.822,green,-3.7,98.2,green
3654,121.922,green,-3.1,97.0,green
3657,122.022,green,-2.7,97.4,green
3660,122.122,green,-3.6,99.8,green
3663,122.222,green,-4.3,98.8,green
3666,122.322,green,-3.3,98.6,green
3669,122.422,green,-3.7,98.9,green
3672,122.522,green,-4.0,97.8,green
3675,122.622,green,-3.8,98.1,green
3678,122.723,green,-3.3,101.5,green
3681,122.823,green,-4.6,98.9,green
3684,122.923,green,-2.8,96.3,green
3687,123.023,green,-3.4,99.1,green
3690,123.123,green,-3.5,95.5,green
3693,123.223,green,-3.6,99.9,green
3696,123.323,green,-3.0,102.3,green
3699,123.423,green,-3.3,98.2,green
3702,123.523,green,-3.3,97.4,green
3705,123.624,green,-3.7,100.3,green
3708,123.724,green,-3.4,98.2,green
3711,123.824,green,-4.4,104.9,green
3714,123.924,green,-3.7,103.9,green
3717,124.024,green,-3.8,102.0,green
3720,124.124,green,-4.1,105.4,green
3723,124.224,green,-3.8,104.3,green
3726,124.324,green,-3.9,101.9,green
3729,124.424,green,-3.4,100.3,green
3732,124.524,green,-2.6,103.0,green
3735,124.624,green,-3.2,102.6,green
3738,124.725,green,-4.2,101.6,green
3741,124.825,green,-2.7,101.8,green
3744,124.925,green,-2.9,101.0,green
3747,125.025,green,-4.2,101.7,green
3750,125.125,green,-3.9,101.0,green
3753,125.225,green,-4.3,100.4,green
3756,125.325,green,-3.7,102.6,green
3759,125.425,green,-4.2,100.3,green
3762,125.525,green,-3.0,102.1,green
3765,125.626,green,-4.2,104.7,green
3768,125.726,green,-3.6,103.7,green
3771,125.826,green,-3.6,103.4,green
3774,125.926,green,-4.8,102.2,green
3777,126.026,green,-4.0,100.3,green
3780,126.126,green,-4.5,101.6,green
3783,126.226,green,-4.1,101.0,green
3786,126.326,green,-3.2,98.3,green
3789,126.426,green,-3.4,101.3,green
3792,126.526,green,-3.4,101.8,green
3795,126.626,green,-3.3,101.3,green
3798,126.727,green,-3.7,101.9,green
3801,126.827,green,-3.0,100.1,green
3804,126.927,green,-2.7,101.2,green
3807,127.027,green,-4.9,102.4,green
3810,127.127,green,-3.7,98.2,green
3813,127.227,green,-4.9,104.7,green
3816,127.327,green,-4.4,107.5,green
3819,127.427,green,-4.6,104.0,green
3822,127.527,green,-4.6,104.7,green
