frame,t,state,red_score,amber_score,green_score,before_v2_rule
0,0.0,red,144.9,-5.3,0.3,red
3,0.1,red,143.8,-5.7,0.8,red
6,0.2,red,146.2,-5.3,0.6,red
9,0.3,red,142.9,-6.1,0.0,red
12,0.4,red,143.6,-5.4,0.9,red
15,0.501,red,143.0,-6.2,0.4,red
18,0.601,red,143.3,-5.6,1.4,red
21,0.701,red,145.3,-5.6,1.4,red
24,0.801,red,144.6,-5.0,1.6,red
27,0.901,red,144.1,-5.5,0.5,red
30,1.001,red,144.2,-5.7,0.5,red
33,1.101,red,142.9,-5.7,1.0,red
36,1.201,red,141.7,-5.5,1.5,red
39,1.301,red,142.8,-6.1,0.0,red
42,1.401,red,143.4,-6.0,0.2,red
45,1.502,red,143.6,-5.5,0.6,red
48,1.602,red,142.7,-5.0,0.4,red
51,1.702,red,142.3,-5.0,0.5,red
54,1.802,red,143.4,-5.3,-0.1,red
57,1.902,red,142.5,-5.6,0.8,red
60,2.002,red,141.9,-6.9,1.4,red
63,2.102,red,143.6,-5.3,1.4,red
66,2.202,red,142.1,-5.3,2.0,red
69,2.302,red,143.3,-5.2,0.9,red
72,2.402,red,142.3,-4.9,0.3,red
75,2.502,red,143.8,-4.8,0.5,red
78,2.603,red,144.1,-5.2,0.7,red
81,2.703,red,143.0,-5.9,1.0,red
84,2.803,red,142.3,-6.1,1.2,red
87,2.903,red,142.2,-5.7,1.0,red
90,3.003,red,143.2,-5.2,0.2,red
93,3.103,red,142.2,-6.0,-0.0,red
96,3.203,red,142.3,-4.9,1.7,red
99,3.303,red,142.1,-5.2,1.4,red
102,3.403,red,143.6,-5.8,0.7,red
105,3.504,red,144.3,-5.0,1.4,red
108,3.604,red,142.6,-5.4,2.0,red
111,3.704,red,142.4,-5.8,1.2,red
114,3.804,red,142.8,-6.6,1.8,red
117,3.904,red,143.2,-5.0,1.2,red
120,4.004,red,144.4,-5.4,1.2,red
123,4.104,red,142.8,-5.3,0.9,red
126,4.204,red,143.0,-6.1,1.1,red
129,4.304,red,143.2,-5.1,0.7,red
132,4.404,red,143.6,-4.7,1.1,red
135,4.504,red,142.9,-5.7,1.0,red
138,4.605,red,142.6,-5.9,1.3,red
141,4.705,red,143.8,-4.7,0.4,red
144,4.805,red,142.5,-6.0,1.7,red
147,4.905,red,142.3,-5.5,0.4,red
150,5.005,red,143.1,-5.7,1.7,red
153,5.105,red,142.1,-5.5,0.5,red
156,5.205,red,143.9,-5.2,1.5,red
159,5.305,red,142.8,-5.7,1.3,red
162,5.405,red,142.7,-5.4,1.6,red
165,5.506,red,142.6,-5.7,-0.1,red
168,5.606,red,142.4,-4.8,1.5,red
171,5.706,red,142.4,-5.6,1.8,red
174,5.806,red,143.3,-5.0,1.1,red
177,5.906,red,143.2,-5.0,1.6,red
180,6.006,red,142.1,-6.0,0.9,red
183,6.106,red,142.1,-5.2,1.5,red
186,6.206,red,142.4,-6.0,1.8,red
189,6.306,red,142.3,-5.7,0.9,red
192,6.406,red,142.5,-5.9,0.7,red
195,6.506,red,142.6,-5.9,1.3,red
198,6.607,red,143.9,-5.2,0.6,red
201,6.707,red,143.6,-5.7,2.1,red
204,6.807,red,142.8,-4.6,1.0,red
207,6.907,red,142.4,-4.8,1.3,red
210,7.007,red,144.5,-4.4,1.6,red
213,7.107,red,143.2,-4.7,1.8,red
216,7.207,red,143.5,-5.9,1.4,red
219,7.307,red,141.8,-4.8,-0.1,red
222,7.407,red,142.3,-5.6,1.1,red
225,7.508,red,142.5,-5.0,0.9,red
228,7.608,red,141.9,-5.9,1.1,red
231,7.708,red,142.1,-5.8,1.2,red
234,7.808,red,141.9,-5.4,1.6,red
237,7.908,red,142.2,-6.5,1.1,red
240,8.008,red,141.7,-5.7,1.4,red
243,8.108,red,143.0,-5.9,2.6,red
246,8.208,red,142.8,-6.2,0.0,red
249,8.308,red,142.0,-4.2,0.4,red
252,8.408,red,142.5,-5.9,-0.2,red
255,8.508,red,141.7,-4.9,1.5,red
258,8.609,red,142.0,-5.0,0.7,red
261,8.709,red,143.6,-5.1,1.3,red
264,8.809,red,142.6,-5.0,1.4,red
267,8.909,red,143.8,-5.3,-0.0,red
270,9.009,red,143.0,-5.4,0.5,red
273,9.109,red,141.8,-5.5,0.1,red
276,9.209,red,142.4,-6.5,0.9,red
279,9.309,red,142.9,-4.3,2.0,red
282,9.409,red,142.9,-5.6,-0.0,red
285,9.51,red,143.3,-6.1,1.6,red
288,9.61,red,144.0,-5.7,1.4,red
291,9.71,red,143.7,-4.7,0.2,red
294,9.81,red,142.5,-5.2,0.5,red
297,9.91,red,144.0,-5.5,0.1,red
300,10.01,red,142.8,-5.6,0.2,red
303,10.11,red,143.1,-6.4,0.3,red
306,10.21,red,142.8,-5.1,0.4,red
309,10.31,red,142.7,-4.6,-0.9,red
312,10.41,red,143.1,-5.6,-0.0,red
315,10.51,red,142.6,-4.8,0.2,red
318,10.611,red,144.1,-4.9,0.9,red
321,10.711,red,143.2,-6.0,-0.1,red
324,10.811,red,143.5,-6.4,0.4,red
327,10.911,red,143.4,-5.1,0.2,red
330,11.011,red,141.1,-5.0,0.6,red
333,11.111,red,141.1,-5.9,1.2,red
336,11.211,red,142.7,-5.3,2.7,red
339,11.311,red,142.0,-5.8,0.8,red
342,11.411,red,141.8,-5.6,1.3,red
345,11.512,red,140.5,-6.2,1.0,red
348,11.612,red,142.2,-5.1,0.3,red
351,11.712,red,142.6,-5.0,1.4,red
354,11.812,red,142.3,-5.2,0.2,red
357,11.912,red,143.3,-4.9,0.7,red
360,12.012,red,143.1,-4.7,1.6,red
363,12.112,red,142.4,-5.6,1.1,red
366,12.212,red,142.0,-4.6,-0.0,red
369,12.312,red,142.4,-5.9,0.1,red
372,12.412,red,142.5,-6.1,2.1,red
375,12.513,red,143.2,-5.3,0.3,red
378,12.613,red,143.8,-4.3,1.3,red
381,12.713,red,142.9,-4.5,0.2,red
384,12.813,red,143.4,-5.5,0.3,red
387,12.913,red,142.8,-5.6,0.4,red
390,13.013,red,142.9,-5.4,-0.0,red
393,13.113,red,142.1,-4.4,-0.2,red
396,13.213,red,143.6,-4.5,-0.2,red
399,13.313,red,141.7,-5.6,0.2,red
402,13.413,red,142.9,-5.5,0.7,red
405,13.514,red,142.3,-6.1,1.4,red
408,13.614,red,142.3,-6.3,1.4,red
411,13.714,red,142.6,-5.2,0.4,red
414,13.814,red,143.7,-5.5,1.2,red
417,13.914,red,142.0,-5.4,1.8,red
420,14.014,red,142.5,-6.2,1.3,red
423,14.114,red,142.6,-4.9,1.2,red
426,14.214,red,142.1,-5.6,2.1,red
429,14.314,red,143.3,-5.2,0.7,red
432,14.414,red,142.5,-5.4,1.3,red
435,14.514,red,141.6,-5.8,1.0,red
438,14.615,red,140.9,-5.5,1.4,red
441,14.715,red,140.9,-5.4,1.1,red
444,14.815,red,141.8,-6.4,-1.0,red
447,14.915,red,142.0,-6.2,1.0,red
450,15.015,red,142.0,-5.0,0.1,red
453,15.115,red,142.4,-5.1,1.0,red
456,15.215,red,142.3,-5.1,1.3,red
459,15.315,red,141.3,-5.6,0.6,red
462,15.415,red,143.0,-4.3,1.9,red
465,15.516,red,140.8,-5.3,1.9,red
468,15.616,red,141.7,-6.1,0.4,red
471,15.716,red,142.0,-6.0,0.7,red
474,15.816,red,141.3,-5.1,1.6,red
477,15.916,red,142.8,-5.1,1.1,red
480,16.016,red,142.9,-5.0,0.8,red
483,16.116,red,142.5,-5.4,2.6,red
486,16.216,red,141.9,-5.4,1.4,red
489,16.316,red,141.8,-5.4,-0.3,red
492,16.416,red,142.4,-6.0,0.5,red
495,16.516,red,142.8,-5.9,1.5,red
498,16.617,red,142.7,-4.1,0.6,red
501,16.717,red,143.0,-4.8,2.2,red
504,16.817,red,142.6,-4.6,0.7,red
507,16.917,red,141.2,-4.1,0.8,red
510,17.017,red,142.5,-5.3,0.8,red
513,17.117,red,141.5,-5.3,1.1,red
516,17.217,red,141.8,-4.8,1.3,red
519,17.317,red,142.1,-4.5,0.7,red
522,17.417,red,143.6,-6.5,0.3,red
525,17.518,red,142.5,-4.9,0.6,red
528,17.618,red,141.5,-4.9,1.8,red
531,17.718,red,142.0,-4.7,0.5,red
534,17.818,red,142.4,-5.7,1.8,red
537,17.918,red,142.9,-4.9,2.0,red
540,18.018,red,143.2,-5.9,0.4,red
543,18.118,red,143.2,-4.6,1.3,red
546,18.218,red,143.0,-5.7,1.6,red
549,18.318,red,143.0,-6.4,1.9,red
552,18.418,red,144.1,-4.7,1.1,red
555,18.518,red,142.8,-5.3,1.6,red
558,18.619,red,143.6,-5.2,1.1,red
561,18.719,red,143.1,-5.8,1.6,red
564,18.819,red,142.6,-6.0,0.6,red
567,18.919,red,142.9,-5.2,-0.3,red
570,19.019,red,142.1,-5.0,0.4,red
573,19.119,red,143.6,-5.4,0.8,red
576,19.219,red,144.0,-5.3,2.3,red
579,19.319,red,143.7,-5.6,1.1,red
582,19.419,red,142.9,-5.1,1.8,red
585,19.52,red,143.9,-4.8,2.2,red
588,19.62,red,143.9,-5.9,1.1,red
591,19.72,red,143.3,-4.3,1.4,red
594,19.82,red,142.7,-5.0,0.2,red
597,19.92,red,143.4,-3.7,-0.1,red
600,20.02,red,142.5,-5.5,1.2,red
603,20.12,red,142.8,-5.7,1.1,red
606,20.22,red,141.9,-4.4,1.5,red
609,20.32,red,143.0,-5.9,0.7,red
612,20.42,red,142.5,-5.1,1.3,red
615,20.521,red,142.5,-5.1,-0.5,red
618,20.621,red,143.2,-4.4,-0.2,red
621,20.721,red,144.1,-5.6,1.4,red
624,20.821,red,144.3,-5.2,0.8,red
627,20.921,red,144.6,-4.8,0.1,red
630,21.021,red,142.4,-5.9,0.8,red
633,21.121,red,142.2,-5.6,0.7,red
636,21.221,red,143.8,-6.2,2.5,red
639,21.321,red,143.0,-5.4,2.7,red
642,21.421,red,143.4,-6.6,0.2,red
645,21.522,red,143.5,-5.1,0.8,red
648,21.622,red,143.2,-5.6,2.6,red
651,21.722,red,144.4,-5.4,0.4,red
654,21.822,red,144.1,-5.4,1.3,red
657,21.922,red,143.0,-5.7,1.6,red
660,22.022,red,143.1,-5.9,0.6,red
663,22.122,red,143.1,-5.3,-0.7,red
666,22.222,red,143.3,-6.1,1.5,red
669,22.322,red,142.2,-5.5,1.6,red
672,22.422,red,143.6,-4.6,-0.4,red
675,22.522,red,142.8,-5.0,1.0,red
678,22.623,red,143.9,-4.7,0.3,red
681,22.723,red,142.8,-4.7,0.7,red
684,22.823,red,142.6,-4.9,1.5,red
687,22.923,red,141.6,-4.9,0.8,red
690,23.023,red,141.6,-4.6,1.3,red
693,23.123,red,142.8,-4.7,0.4,red
696,23.223,red,141.8,-6.0,0.8,red
699,23.323,red,143.8,-5.9,0.3,red
702,23.423,red,144.1,-4.5,1.0,red
705,23.524,red,143.6,-5.6,1.1,red
708,23.624,red,143.1,-5.7,1.3,red
711,23.724,red,143.0,-5.9,1.3,red
714,23.824,red,141.4,-5.2,0.6,red
717,23.924,red,142.4,-5.5,0.9,red
720,24.024,red,142.1,-5.0,1.9,red
723,24.124,red,143.1,-5.1,0.1,red
726,24.224,red,142.9,-5.5,0.8,red
729,24.324,red,143.1,-5.2,1.1,red
732,24.424,red,142.8,-4.9,0.6,red
735,24.524,red,143.8,-3.9,1.1,red
738,24.625,red,141.7,-4.8,1.5,red
741,24.725,red,142.1,-5.2,0.7,red
744,24.825,red,142.9,-5.1,0.6,red
747,24.925,red,143.1,-5.4,0.8,red
750,25.025,red,142.4,-4.7,1.6,red
753,25.125,red,142.5,-4.9,1.7,red
756,25.225,red,141.4,-5.0,1.1,red
759,25.325,red,143.4,-4.8,0.7,red
762,25.425,red,143.3,-4.9,2.5,red
765,25.526,red,141.7,-4.8,1.6,red
768,25.626,red,143.7,-5.0,1.2,red
771,25.726,red,141.4,-6.4,2.1,red
774,25.826,red,143.2,-5.4,0.9,red
777,25.926,red,142.4,-4.3,1.4,red
780,26.026,red,143.0,-6.2,0.6,red
783,26.126,red,142.7,-5.8,0.8,red
786,26.226,red,142.7,-5.7,0.8,red
789,26.326,red,143.0,-5.3,1.3,red
792,26.426,red,143.1,-5.4,0.1,red
795,26.527,red,142.1,-5.2,1.5,red
798,26.627,red,144.0,-6.4,1.1,red
801,26.727,red,142.0,-4.1,1.3,red
804,26.827,red,143.6,-4.5,1.0,red
807,26.927,red,144.0,-6.1,0.6,red
810,27.027,red,142.3,-6.2,-0.2,red
813,27.127,red,141.8,-5.4,0.1,red
816,27.227,red,141.9,-6.2,0.2,red
819,27.327,red,142.5,-6.2,1.8,red
822,27.427,red,143.6,-6.5,0.9,red
825,27.528,red,142.1,-5.7,0.6,red
828,27.628,red,142.6,-4.8,0.5,red
831,27.728,red,141.6,-5.8,1.3,red
834,27.828,red,142.2,-5.6,1.3,red
837,27.928,red,142.2,-4.8,2.7,red
840,28.028,red,142.8,-5.8,0.9,red
843,28.128,red,141.1,-5.8,0.4,red
846,28.228,red,142.6,-5.9,2.3,red
849,28.328,red,142.7,-4.9,0.2,red
852,28.428,red,142.3,-5.2,1.8,red
855,28.528,red,141.8,-5.7,-0.4,red
858,28.629,red,143.2,-5.5,1.1,red
861,28.729,red,142.8,-4.9,1.0,red
864,28.829,red,143.8,-5.8,0.9,red
867,28.929,red,143.7,-4.3,2.2,red
870,29.029,red,144.2,-5.7,0.4,red
873,29.129,red,143.3,-5.5,0.5,red
876,29.229,red,143.9,-5.4,0.9,red
879,29.329,red,143.8,-5.1,1.4,red
882,29.429,red,143.7,-6.3,1.2,red
885,29.53,red,145.2,-6.1,1.3,red
888,29.63,red,143.4,-5.6,2.0,red
891,29.73,red,144.9,-4.5,1.4,red
894,29.83,red,144.3,-4.3,1.5,red
897,29.93,red,145.0,-5.1,0.4,red
900,30.03,red,142.9,-4.7,1.1,red
903,30.13,red,143.6,-4.6,1.4,red
906,30.23,red,144.3,-4.2,0.2,red
909,30.33,red,141.2,-4.3,0.5,red
912,30.43,red,143.1,-4.5,1.9,red
915,30.53,red,142.9,-5.1,0.9,red
918,30.631,red,142.4,-5.9,1.0,red
921,30.731,red,143.0,-4.9,-0.0,red
924,30.831,red,143.1,-6.1,1.1,red
927,30.931,red,143.1,-4.1,0.4,red
930,31.031,red,143.9,-4.3,1.2,red
933,31.131,red,144.0,-4.4,0.5,red
936,31.231,red,142.9,-4.8,0.6,red
939,31.331,red,143.1,-4.3,0.9,red
942,31.431,red,143.2,-4.4,0.3,red
945,31.532,red_amber,142.9,66.5,2.2,red
948,31.632,red_amber,143.4,66.6,-0.1,red
951,31.732,red_amber,143.0,65.6,1.6,red
954,31.832,red_amber,144.0,64.3,0.9,red
957,31.932,red_amber,143.6,63.6,0.2,red
960,32.032,red_amber,143.4,63.9,-0.9,red
963,32.132,red_amber,143.7,63.5,1.1,red
966,32.232,red_amber,143.7,63.5,0.3,red
969,32.332,red_amber,144.6,63.4,0.4,red
972,32.432,red_amber,143.9,62.5,0.1,red
975,32.532,red_amber,143.9,63.3,-0.3,red
978,32.633,red_amber,142.3,63.9,1.0,red
981,32.733,red_amber,143.2,63.2,0.3,red
984,32.833,red_amber,143.2,63.4,1.2,red
987,32.933,red_amber,143.5,61.9,0.2,red
990,33.033,red_amber,143.8,62.7,-0.5,red
993,33.133,red_amber,143.7,62.5,-0.3,red
996,33.233,red_amber,141.9,60.7,1.0,red
999,33.333,red_amber,142.9,61.5,1.7,red
1002,33.433,red_amber,143.2,62.2,1.3,red
1005,33.534,red_amber,143.2,62.0,0.4,red
1008,33.634,red_amber,142.8,61.8,1.0,red
1011,33.734,red_amber,144.3,62.0,-0.1,red
1014,33.834,red_amber,143.5,61.5,0.1,red
1017,33.934,red_amber,142.2,62.0,0.8,red
1020,34.034,red_amber,143.3,61.7,0.6,red
1023,34.134,red_amber,143.6,62.1,1.0,red
1026,34.234,red_amber,143.1,61.9,-0.2,red
1029,34.334,red_amber,144.5,62.4,1.2,red
1032,34.434,red_amber,142.9,61.3,1.0,red
1035,34.534,green,-1.0,-4.3,137.9,none
1038,34.635,green,-6.1,-4.9,138.2,none
1041,34.735,green,-6.2,-6.0,138.7,green
1044,34.835,green,-6.1,-4.7,138.0,green
1047,34.935,green,-4.8,-5.3,139.2,green
1050,35.035,green,-4.8,-5.9,137.7,green
1053,35.135,green,-4.6,-5.5,137.6,green
1056,35.235,green,-5.1,-6.7,138.4,green
1059,35.335,green,-5.8,-5.1,138.0,green
1062,35.435,green,-5.1,-5.8,137.9,green
1065,35.536,green,-5.3,-6.3,138.0,green
1068,35.636,green,-5.4,-6.1,137.8,green
1071,35.736,green,-4.1,-5.2,138.2,green
1074,35.836,green,-5.7,-6.7,137.9,green
1077,35.936,green,-5.6,-6.6,137.9,green
1080,36.036,green,-6.5,-6.0,138.9,green
1083,36.136,green,-5.4,-6.6,138.7,green
1086,36.236,green,-5.1,-6.3,137.8,green
1089,36.336,green,-5.4,-5.1,138.8,green
1092,36.436,green,-4.0,-6.8,139.2,green
1095,36.537,green,-3.6,-6.0,139.9,green
1098,36.637,green,-4.5,-6.0,139.2,green
1101,36.737,green,-3.5,-5.1,139.3,green
1104,36.837,green,-4.4,-5.5,139.0,green
1107,36.937,green,-5.3,-6.0,139.1,green
1110,37.037,green,-6.2,-6.1,139.4,green
1113,37.137,green,-5.6,-4.5,138.9,green
1116,37.237,green,-5.5,-6.2,139.1,green
1119,37.337,green,-4.8,-5.7,139.9,green
1122,37.437,green,-4.2,-5.8,138.9,green
1125,37.538,green,-5.1,-5.7,139.7,green
1128,37.638,green,-5.0,-5.7,140.4,green
1131,37.738,green,-5.0,-5.0,139.3,green
1134,37.838,green,-4.4,-5.1,138.8,green
1137,37.938,green,-4.6,-5.2,140.4,green
1140,38.038,green,-4.9,-5.2,140.1,green
1143,38.138,green,-5.1,-6.7,138.7,green
1146,38.238,green,-4.9,-5.0,138.8,green
1149,38.338,green,-5.8,-5.5,139.2,red
1152,38.438,green,-5.1,-6.1,139.7,green
1155,38.538,green,-5.5,-5.2,139.4,green
1158,38.639,green,-5.0,-4.9,139.1,green
1161,38.739,green,-4.6,-5.1,139.4,green
1164,38.839,green,-5.0,-4.9,139.4,green
1167,38.939,green,-5.3,-5.7,139.1,green
1170,39.039,green,-4.4,-4.5,139.7,green
1173,39.139,green,-5.0,-6.0,139.8,green
1176,39.239,green,-5.9,-6.2,138.2,green
1179,39.339,green,-2.8,-4.6,138.9,green
1182,39.439,green,-4.4,-5.2,139.7,green
1185,39.54,green,-5.2,-5.4,139.1,green
1188,39.64,green,-4.9,-5.2,138.1,green
1191,39.74,green,-5.8,-6.1,138.8,green
1194,39.84,green,-5.7,-6.0,139.0,green
1197,39.94,green,-5.1,-4.7,139.0,green
1200,40.04,green,-5.6,-5.9,138.7,green
1203,40.14,green,-6.3,-5.8,139.2,green
1206,40.24,green,-4.5,-4.6,139.4,green
1209,40.34,green,-4.8,-5.7,139.3,green
1212,40.44,green,-5.2,-5.3,139.5,green
1215,40.54,green,-5.5,-5.4,139.0,green
1218,40.641,green,-3.8,-6.0,139.9,green
1221,40.741,green,-5.1,-6.0,139.5,green
1224,40.841,green,-3.5,-7.0,139.8,green
1227,40.941,green,-6.5,-6.0,138.9,green
1230,41.041,green,-4.4,-5.9,138.8,green
1233,41.141,green,-4.0,-6.3,138.8,green
1236,41.241,green,-4.6,-5.1,138.7,green
1239,41.341,green,-3.6,-4.7,139.1,green
1242,41.441,green,-4.8,-6.0,137.6,green
1245,41.542,green,-4.0,-4.5,138.4,green
1248,41.642,green,-4.9,-5.7,138.4,green
1251,41.742,green,-4.4,-5.4,137.9,green
1254,41.842,green,-5.4,-6.2,137.0,green
1257,41.942,green,-4.1,-5.2,138.3,green
1260,42.042,green,-4.8,-5.7,137.8,green
1263,42.142,green,-5.4,-5.8,138.6,green
1266,42.242,green,-4.6,-4.7,137.3,green
1269,42.342,green,-5.3,-5.6,138.0,green
1272,42.442,green,-5.3,-6.5,137.8,green
1275,42.543,green,-4.1,-6.9,137.9,green
1278,42.643,green,-5.8,-5.6,138.1,green
1281,42.743,green,-3.3,-5.0,139.2,green
1284,42.843,green,-5.0,-5.5,138.8,green
1287,42.943,green,-4.8,-5.3,138.5,green
1290,43.043,green,-3.9,-5.8,138.7,green
1293,43.143,green,-5.0,-4.8,138.7,green
1296,43.243,green,-5.3,-6.2,139.5,green
1299,43.343,green,-4.4,-5.5,139.3,green
1302,43.443,green,-5.3,-4.9,139.1,green
1305,43.544,green,-5.0,-6.1,139.5,green
1308,43.644,green,-3.9,-5.7,139.6,green
1311,43.744,green,-4.2,-6.1,140.3,green
1314,43.844,green,-4.2,-4.9,139.8,green
1317,43.944,green,-4.9,-5.3,139.5,green
1320,44.044,green,-4.9,-4.9,140.6,green
1323,44.144,green,-4.6,-5.3,141.4,green
1326,44.244,green,-5.5,-5.5,141.4,green
1329,44.344,green,-5.7,-5.8,141.5,green
1332,44.444,green,-5.3,-6.1,140.7,green
1335,44.544,green,-4.5,-5.7,142.3,green
1338,44.645,green,-4.2,-5.6,140.5,green
1341,44.745,green,-5.7,-6.2,142.3,green
1344,44.845,green,-4.7,-5.2,141.8,green
1347,44.945,green,-4.7,-5.0,142.4,green
1350,45.045,green,-5.0,-4.8,141.9,green
1353,45.145,green,-4.8,-4.9,141.8,green
1356,45.245,green,-5.0,-5.2,142.6,green
1359,45.345,green,-5.3,-5.3,141.8,green
1362,45.445,green,-5.3,-5.8,142.3,green
1365,45.546,green,-5.5,-5.5,142.2,green
1368,45.646,green,-5.4,-7.1,141.6,green
1371,45.746,green,-4.7,-6.5,141.7,green
1374,45.846,green,-5.9,-6.6,142.4,green
1377,45.946,green,-5.3,-5.5,142.4,green
1380,46.046,green,-4.0,-6.4,141.5,green
1383,46.146,green,-5.4,-5.5,142.1,green
1386,46.246,green,-4.9,-5.9,141.3,green
1389,46.346,green,-5.6,-5.9,141.4,green
1392,46.446,green,-4.6,-5.1,143.0,green
1395,46.546,green,-4.7,-5.6,142.5,green
1398,46.647,green,-5.7,-5.8,142.8,green
1401,46.747,green,-4.3,-5.8,142.0,green
1404,46.847,green,-4.9,-5.9,141.9,green
1407,46.947,green,-5.8,-5.9,141.7,green
1410,47.047,green,-5.3,-6.3,141.1,green
1413,47.147,green,-5.4,-5.0,140.7,green
1416,47.247,green,-5.3,-6.6,141.0,green
1419,47.347,green,-4.9,-5.0,141.4,green
1422,47.447,green,-7.1,-5.9,140.7,green
1425,47.548,green,-4.2,-6.8,140.7,green
1428,47.648,green,-5.4,-7.0,139.8,green
1431,47.748,green,-4.9,-5.6,141.0,green
1434,47.848,green,-5.8,-5.2,141.2,green
1437,47.948,green,-6.2,-6.5,140.9,green
1440,48.048,green,-4.4,-5.8,140.9,green
1443,48.148,green,-5.4,-6.6,138.9,green
1446,48.248,green,-5.7,-6.8,139.3,green
1449,48.348,green,-6.4,-5.8,138.2,green
1452,48.448,green,-6.1,-6.3,139.0,green
1455,48.549,green,-5.1,-5.3,138.6,green
1458,48.649,green,-4.4,-6.2,138.6,green
1461,48.749,green,-4.5,-6.3,138.3,green
1464,48.849,green,-4.5,-6.1,138.5,green
1467,48.949,green,-5.4,-5.4,137.9,green
1470,49.049,green,-4.2,-5.3,138.5,green
1473,49.149,green,-5.4,-5.5,137.7,green
1476,49.249,green,-4.2,-5.4,137.7,green
1479,49.349,green,-6.0,-5.6,138.1,green
1482,49.449,green,-4.3,-5.0,139.1,green
1485,49.55,green,-5.6,-5.1,138.8,green
1488,49.65,green,-5.8,-3.9,138.8,green
1491,49.75,green,-5.1,-6.1,138.2,green
1494,49.85,green,-4.2,-5.1,139.9,green
1497,49.95,green,-6.3,-6.2,138.6,green
1500,50.05,green,-6.0,-5.3,140.3,green
1503,50.15,green,-4.0,-6.2,138.6,green
1506,50.25,green,-4.6,-5.6,139.5,green
1509,50.35,green,-4.9,-6.0,139.0,green
1512,50.45,green,-6.0,-4.8,139.6,green
1515,50.55,green,-5.9,-6.3,138.5,green
1518,50.651,green,-6.6,-5.0,138.3,green
1521,50.751,green,-5.6,-5.1,138.5,green
1524,50.851,green,-4.2,-7.2,140.0,green
1527,50.951,green,-4.7,-5.5,138.7,green
1530,51.051,green,-5.2,-5.7,138.1,green
1533,51.151,green,-4.9,-6.5,140.2,green
1536,51.251,green,-4.8,-5.7,139.2,green
1539,51.351,green,-6.3,-5.7,139.5,green
1542,51.451,green,-4.8,-6.1,138.7,green
1545,51.552,green,-5.8,-6.4,138.9,green
1548,51.652,green,-5.0,-5.1,139.8,green
1551,51.752,green,-5.7,-4.9,139.6,green
1554,51.852,green,-5.0,-6.6,139.7,green
1557,51.952,green,-5.2,-6.3,140.4,green
1560,52.052,green,-5.7,-6.0,139.1,green
1563,52.152,green,-5.8,-5.7,139.8,green
1566,52.252,green,-5.4,-7.2,139.9,green
1569,52.352,green,-5.0,-6.7,139.9,green
1572,52.452,green,-3.8,-5.6,140.4,green
1575,52.552,green,-4.3,-6.0,140.5,green
1578,52.653,green,-5.7,-4.8,140.7,green
1581,52.753,green,-4.5,-5.4,139.8,green
1584,52.853,green,-5.3,-6.8,141.1,green
1587,52.953,green,-6.1,-6.3,141.0,green
1590,53.053,green,-5.6,-6.8,141.1,green
1593,53.153,green,-5.6,-5.6,141.2,green
1596,53.253,green,-5.8,-6.3,141.5,green
1599,53.353,green,-5.6,-5.2,141.9,green
1602,53.453,green,-6.0,-6.5,142.1,green
1605,53.554,green,-6.1,-6.0,141.7,green
1608,53.654,green,-6.1,-6.2,141.9,green
1611,53.754,green,-5.9,-5.7,143.3,green
1614,53.854,green,-5.9,-5.3,142.5,green
1617,53.954,green,-6.1,-6.6,142.6,green
1620,54.054,green,-5.6,-7.5,142.6,green
1623,54.154,green,-5.3,-5.8,142.0,green
1626,54.254,green,-6.1,-5.5,142.9,green
1629,54.354,green,-5.6,-6.1,144.4,green
1632,54.454,green,-5.7,-6.1,143.3,green
1635,54.555,green,-5.3,-5.5,144.3,green
1638,54.655,green,-5.4,-6.4,144.2,green
1641,54.755,green,-5.0,-6.4,144.8,green
1644,54.855,green,-5.1,-6.5,145.0,green
1647,54.955,green,-4.8,-6.1,144.9,green
1650,55.055,green,-5.1,-5.8,143.3,green
1653,55.155,green,-4.9,-5.6,143.1,green
1656,55.255,green,-6.8,-7.0,144.2,green
1659,55.355,green,-5.9,-7.2,144.5,green
1662,55.455,green,-6.6,-5.6,144.5,green
1665,55.556,green,-5.1,-6.4,144.6,green
1668,55.656,green,-6.7,-7.1,144.7,green
1671,55.756,green,-5.4,-5.0,144.3,green
1674,55.856,green,-6.6,-6.6,144.9,green
1677,55.956,green,-3.8,-7.0,144.8,green
1680,56.056,green,-5.4,-6.4,145.5,green
1683,56.156,green,-4.8,-7.0,144.8,green
1686,56.256,green,-5.9,-7.4,146.1,green
1689,56.356,green,-4.6,-5.8,145.8,green
1692,56.456,green,-5.1,-6.9,145.3,green
1695,56.556,green,-5.2,-7.2,144.7,green
1698,56.657,green,-4.6,-6.9,144.4,green
1701,56.757,green,-6.3,-5.8,146.3,green
1704,56.857,green,-5.4,-6.3,145.6,green
1707,56.957,green,-5.2,-5.3,146.5,green
1710,57.057,green,-6.6,-6.5,144.9,green
1713,57.157,green,-5.5,-8.1,143.9,green
1716,57.257,green,-4.4,-7.3,143.6,green
1719,57.357,green,-5.6,-6.6,144.6,green
1722,57.457,green,-5.5,-6.2,144.1,green
1725,57.558,green,-6.3,-5.4,143.8,green
1728,57.658,green,-7.1,-6.5,143.4,green
1731,57.758,green,-5.4,-5.7,143.1,green
1734,57.858,green,-5.0,-5.3,142.7,green
1737,57.958,green,-5.0,-5.9,142.9,green
1740,58.058,green,-7.0,-7.9,143.6,green
1743,58.158,green,-5.3,-5.8,143.9,none
1746,58.258,green,-6.0,-5.2,143.5,green
1749,58.358,green,-4.7,-7.5,143.5,green
1752,58.458,green,-4.8,-6.5,143.2,green
1755,58.558,green,-5.0,-6.9,143.5,green
1758,58.659,green,-4.9,-6.4,143.9,green
1761,58.759,green,-5.1,-6.3,143.6,green
1764,58.859,green,-5.1,-7.4,142.9,green
1767,58.959,green,-5.3,-5.5,145.3,green
1770,59.059,green,-5.5,-5.9,144.0,green
1773,59.159,green,-5.4,-7.0,144.7,green
1776,59.259,green,-4.4,-5.6,144.4,green
1779,59.359,green,-5.1,-5.9,144.7,green
1782,59.459,green,-5.2,-6.2,143.8,green
1785,59.56,green,-5.3,-6.5,145.4,green
1788,59.66,green,-6.1,-6.4,144.8,green
1791,59.76,green,-5.8,-6.8,145.3,green
1794,59.86,green,-5.4,-6.7,146.1,green
1797,59.96,green,-5.3,-7.1,145.7,green
1800,60.06,green,-5.4,-7.0,145.7,green
1803,60.16,green,-7.6,-6.9,146.5,green
1806,60.26,green,-5.0,-6.0,145.2,green
1809,60.36,green,-6.6,-7.2,145.6,green
1812,60.46,green,-6.2,-6.1,144.8,green
1815,60.56,green,-4.9,-6.7,146.5,green
1818,60.661,green,-7.2,-6.5,145.4,green
1821,60.761,green,-6.6,-6.6,145.7,green
1824,60.861,green,-5.5,-5.7,145.2,green
1827,60.961,green,-6.6,-7.1,146.1,green
1830,61.061,green,-5.1,-7.6,145.3,green
1833,61.161,green,-4.4,-6.5,145.7,green
1836,61.261,green,-5.7,-6.7,145.2,green
1839,61.361,green,-5.9,-7.7,145.3,green
1842,61.461,green,-5.8,-7.4,144.7,green
1845,61.562,green,-5.7,-6.3,145.3,green
1848,61.662,green,-6.9,-5.6,145.5,green
1851,61.762,green,-5.3,-6.2,145.4,green
1854,61.862,green,-6.4,-5.4,145.3,green
1857,61.962,green,-4.8,-7.0,145.3,green
1860,62.062,green,-5.5,-6.4,145.8,green
1863,62.162,green,-5.1,-7.2,146.2,green
1866,62.262,green,-5.7,-6.9,145.8,green
1869,62.362,green,-4.6,-6.6,147.5,green
1872,62.462,green,-6.0,-7.5,146.7,green
1875,62.562,green,-5.0,-7.9,146.8,green
1878,62.663,green,-6.9,-6.4,145.9,green
1881,62.763,green,-6.2,-6.3,145.9,green
1884,62.863,green,-6.0,-6.6,145.8,green
1887,62.963,green,-5.8,-6.6,146.6,green
1890,63.063,green,-6.7,-5.8,145.6,green
1893,63.163,green,-6.1,-7.2,146.4,green
1896,63.263,green,-6.2,-6.5,147.5,green
1899,63.363,green,-7.0,-6.9,147.8,green
1902,63.463,green,-4.4,-6.3,147.5,green
1905,63.564,green,-5.1,-7.8,146.1,green
1908,63.664,green,-6.2,-7.5,146.7,none
1911,63.764,green,-6.1,-7.0,147.7,none
1914,63.864,green,-4.8,-7.9,147.1,green
1917,63.964,green,-6.6,-6.3,147.3,green
1920,64.064,green,-6.2,-7.4,148.1,green
1923,64.164,green,-4.9,-8.0,147.3,green
1926,64.264,green,-4.2,-7.0,147.6,green
1929,64.364,green,-4.5,-8.0,147.7,green
1932,64.464,green,-6.7,-6.6,147.4,green
1935,64.564,green,-5.7,-7.1,148.3,green
1938,64.665,green,-5.7,-6.6,148.6,green
1941,64.765,green,-6.1,-6.0,148.1,green
1944,64.865,green,-7.0,-8.9,148.4,green
1947,64.965,green,-6.2,-6.5,148.5,green
1950,65.065,green,-5.1,-6.0,147.9,green
1953,65.165,green,-5.2,-6.7,148.7,green
1956,65.265,green,-4.5,-7.8,149.0,green
1959,65.365,green,-4.7,-6.9,148.8,green
1962,65.465,green,-6.8,-6.7,148.0,green
1965,65.566,green,-5.6,-7.8,148.5,green
1968,65.666,green,-5.7,-8.1,149.1,green
1971,65.766,green,-5.7,-8.4,148.6,green
1974,65.866,green,-5.8,-8.7,148.0,green
1977,65.966,green,-5.5,-7.9,148.5,green
1980,66.066,green,-6.3,-7.9,150.0,green
1983,66.166,green,-5.7,-7.7,149.0,green
1986,66.266,green,-6.9,-7.0,149.3,green
1989,66.366,green,-6.2,-8.8,149.8,green
1992,66.466,green,-4.5,-6.9,149.7,green
1995,66.566,green,-4.5,-7.2,148.9,green
1998,66.667,green,-6.5,-6.3,148.2,green
2001,66.767,green,-6.0,-8.1,148.9,green
2004,66.867,green,-6.1,-7.0,148.5,green
2007,66.967,green,-5.9,-5.8,148.2,green
2010,67.067,green,-7.3,-6.7,147.9,green
2013,67.167,green,-5.9,-7.8,147.8,green
2016,67.267,green,-5.5,-7.0,147.7,green
2019,67.367,green,-5.4,-6.0,148.6,green
2022,67.467,green,-6.6,-7.3,148.4,green
2025,67.568,green,-5.4,-8.2,148.9,green
2028,67.668,green,-6.1,-6.4,148.2,green
2031,67.768,green,-7.3,-6.2,148.1,green
2034,67.868,green,-5.4,-7.4,148.6,green
2037,67.968,green,-4.6,-7.0,148.6,green
2040,68.068,green,-4.5,-6.4,149.2,red
2043,68.168,green,-6.7,-7.2,146.9,none
2046,68.268,green,-5.3,-6.9,148.4,green
2049,68.368,green,-6.6,-7.0,148.0,green
2052,68.468,green,-7.2,-6.2,148.6,green
2055,68.568,green,-5.8,-6.7,147.2,green
2058,68.669,green,-6.4,-7.4,146.9,green
2061,68.769,green,-6.0,-5.9,146.7,green
2064,68.869,green,-6.7,-6.9,146.3,green
2067,68.969,green,-5.5,-7.1,146.8,green
2070,69.069,green,-7.5,-6.6,146.8,green
2073,69.169,green,-4.6,-7.1,146.5,green
2076,69.269,green,-5.9,-7.4,147.3,green
2079,69.369,green,-6.3,-8.2,147.0,green
2082,69.469,green_flash,-6.4,-6.4,46.7,none
2085,69.57,occluded,-5.8,-6.1,2.3,none
2088,69.67,occluded,-7.4,-7.6,1.1,none
2091,69.77,occluded,-6.8,-7.5,2.0,none
2094,69.87,occluded,-8.6,-6.9,1.6,red
2097,69.97,green,-5.3,-6.9,142.5,green
2100,70.07,green,-5.7,-7.8,145.8,green
2103,70.17,green,-5.1,-7.9,146.2,green
2106,70.27,green,-6.4,-7.2,145.7,green
2109,70.37,green,-6.9,-8.5,145.2,green
2112,70.47,occluded,-5.9,-7.9,44.9,none
2115,70.57,occluded,-5.6,-7.6,2.0,none
2118,70.671,occluded,-6.1,-7.8,1.0,none
2121,70.771,green_flash,-6.4,-6.8,0.3,none
2124,70.871,green_flash,-5.5,-7.7,1.3,none
2127,70.971,green,-6.4,-6.0,143.0,red
2130,71.071,green,-7.0,-7.9,145.9,none
2133,71.171,green,-6.3,-7.5,146.0,green
2136,71.271,green,-6.9,-7.3,145.6,none
2139,71.371,green,-6.8,-5.2,145.1,none
2142,71.471,green_flash,-6.3,-7.0,40.2,none
2145,71.572,green_flash,-6.9,-7.0,1.5,none
2148,71.672,green_flash,-6.1,-6.0,-0.1,none
2151,71.772,green_flash,-6.3,-6.5,0.3,none
2154,71.872,green_flash,-4.8,-7.3,0.7,none
2157,71.972,green,-5.5,-6.4,142.6,green
2160,72.072,green,-6.4,-9.3,146.5,green
2163,72.172,green,-5.6,-7.3,146.4,green
2166,72.272,green,-6.1,-6.8,145.9,green
2169,72.372,green,-6.5,-7.5,147.1,green
2172,72.472,amber,-5.2,63.9,37.4,amber
2175,72.572,amber,-5.0,66.7,0.2,amber
2178,72.673,amber,-5.7,66.2,0.1,amber
2181,72.773,amber,-4.3,65.9,0.6,amber
2184,72.873,amber,-6.7,65.1,0.8,amber
2187,72.973,amber,-4.7,66.1,1.0,amber
2190,73.073,amber,-6.2,66.6,-0.5,amber
2193,73.173,amber,-5.5,65.5,-0.4,amber
2196,73.273,amber,-6.6,66.1,0.2,amber
2199,73.373,amber,-6.0,66.1,-0.3,amber
2202,73.473,amber,-6.1,66.4,1.0,amber
2205,73.574,amber,-7.3,65.9,0.5,amber
2208,73.674,amber,-5.5,66.6,1.3,amber
2211,73.774,amber,-5.5,66.5,0.2,amber
2214,73.874,amber,-4.5,67.2,1.9,amber
2217,73.974,amber,-5.7,66.8,1.0,red
2220,74.074,amber,-5.6,66.2,1.6,red
2223,74.174,amber,-5.1,66.0,-0.4,red
2226,74.274,amber,-4.5,66.7,1.9,amber
2229,74.374,amber,-4.9,66.4,0.1,amber
2232,74.474,amber,-5.1,67.0,0.6,amber
2235,74.574,amber,-4.4,65.1,-0.7,amber
2238,74.675,amber,-5.7,67.0,0.9,amber
2241,74.775,amber,-7.3,66.2,-0.7,amber
2244,74.875,amber,-6.4,66.3,-0.1,amber
2247,74.975,amber,-6.3,67.3,-0.8,amber
2250,75.075,amber,-6.7,67.0,0.6,amber
2253,75.175,amber,-6.7,67.3,2.0,amber
2256,75.275,amber,-7.0,67.2,-0.8,amber
2259,75.375,amber,-5.9,66.8,1.0,amber
2262,75.475,red,155.0,-1.7,1.0,red
2265,75.576,red,151.5,-5.3,1.0,red
2268,75.676,red,153.0,-6.8,0.3,red
2271,75.776,red,151.8,-7.2,0.3,red
2274,75.876,red,153.6,-6.8,1.3,red
2277,75.976,red,151.5,-6.7,0.1,red
2280,76.076,red,151.6,-6.3,0.9,red
2283,76.176,red,152.8,-6.8,0.2,red
2286,76.276,red,152.9,-7.8,0.4,red
2289,76.376,red,151.4,-6.9,2.3,red
2292,76.476,red,151.5,-6.9,-0.0,red
2295,76.576,red,152.1,-5.9,0.7,red
2298,76.677,red,151.9,-6.6,0.7,red
2301,76.777,red,151.3,-6.4,0.8,red
2304,76.877,red,150.9,-7.0,1.6,red
2307,76.977,red,152.3,-6.4,0.8,red
2310,77.077,red,152.3,-6.2,1.0,red
2313,77.177,red,152.4,-6.8,0.8,red
2316,77.277,red,153.0,-6.0,0.2,red
2319,77.377,red,153.6,-4.7,1.6,red
2322,77.477,red,151.7,-6.2,0.8,red
2325,77.578,red,152.4,-5.4,0.5,red
2328,77.678,red,151.3,-6.2,1.0,red
2331,77.778,red,151.8,-5.3,1.4,red
2334,77.878,red,152.7,-5.8,0.7,red
2337,77.978,red,151.1,-8.1,1.6,red
2340,78.078,red,152.5,-6.6,0.9,red
2343,78.178,red,152.3,-7.4,1.6,red
2346,78.278,red,152.1,-6.3,1.7,red
2349,78.378,red,151.5,-6.0,-1.0,red
2352,78.478,red,152.7,-5.1,-0.6,red
2355,78.578,red,152.9,-8.4,1.9,red
2358,78.679,red,152.0,-6.9,0.8,red
2361,78.779,red,152.8,-6.4,1.2,red
2364,78.879,red,154.8,-7.7,0.5,red
2367,78.979,red,152.5,-6.1,2.4,red
2370,79.079,red,154.1,-6.0,0.8,red
2373,79.179,red,152.1,-5.5,0.6,red
2376,79.279,red,152.8,-5.6,0.1,red
2379,79.379,red,152.6,-6.2,2.4,red
2382,79.479,red,153.7,-6.7,0.4,red
2385,79.58,red,152.3,-6.5,2.0,red
2388,79.68,red,151.2,-6.0,2.2,red
2391,79.78,red,152.9,-6.5,1.9,red
2394,79.88,red,151.6,-7.4,1.1,red
2397,79.98,red,152.3,-7.1,0.3,red
2400,80.08,red,151.9,-6.4,1.9,red
2403,80.18,red,152.8,-6.5,2.4,red
2406,80.28,red,153.0,-6.7,-0.1,red
2409,80.38,red,153.1,-6.8,0.0,red
2412,80.48,red,153.1,-7.7,0.8,red
2415,80.58,red,151.8,-7.1,1.2,red
2418,80.681,red,153.2,-6.3,0.7,red
2421,80.781,red,151.2,-7.0,-0.3,red
2424,80.881,red,152.5,-6.1,0.9,red
2427,80.981,red,154.3,-6.8,1.0,red
2430,81.081,red,152.9,-7.3,2.0,red
2433,81.181,red,153.0,-6.0,0.6,red
2436,81.281,red,153.0,-5.1,0.0,red
2439,81.381,red,153.6,-6.4,1.9,red
2442,81.481,red,153.1,-4.9,1.1,red
2445,81.582,red,152.5,-5.2,0.6,red
2448,81.682,red,151.8,-5.3,0.2,red
2451,81.782,red,152.0,-8.0,-0.4,red
2454,81.882,red,152.0,-6.5,0.8,red
2457,81.982,red,152.8,-6.5,1.3,red
2460,82.082,red,153.0,-7.1,0.5,red
2463,82.182,red,152.7,-5.8,2.1,red
2466,82.282,red,153.3,-6.3,0.5,red
2469,82.382,red,153.3,-6.9,0.5,red
2472,82.482,red,152.5,-6.6,-0.2,red
2475,82.582,red,152.5,-6.2,2.1,red
2478,82.683,red,153.6,-4.6,0.2,red
2481,82.783,red,153.4,-6.7,-1.4,red
2484,82.883,red,152.0,-5.0,0.5,red
2487,82.983,red,153.1,-5.9,0.8,red
2490,83.083,red,153.2,-5.8,2.3,red
2493,83.183,red,153.6,-6.2,1.4,red
2496,83.283,red,153.1,-7.9,0.8,red
2499,83.383,red,153.9,-6.2,1.3,red
2502,83.483,red,153.9,-4.7,1.3,red
2505,83.584,red,153.7,-4.6,1.4,red
2508,83.684,red,153.1,-5.0,2.0,red
2511,83.784,red,151.9,-5.5,0.8,red
2514,83.884,red,153.6,-6.7,0.6,red
2517,83.984,red,152.2,-6.2,-0.6,red
2520,84.084,red,153.8,-6.4,1.1,red
2523,84.184,red,154.2,-5.2,0.9,red
2526,84.284,red,153.2,-6.1,1.5,red
2529,84.384,red,153.5,-6.8,1.3,red
2532,84.484,red,152.2,-6.9,1.0,red
2535,84.584,red,151.9,-6.0,2.1,red
2538,84.685,red,153.2,-6.9,1.3,red
2541,84.785,red,153.3,-4.9,1.9,red
2544,84.885,red,153.5,-5.3,1.2,red
2547,84.985,red,153.1,-6.6,0.5,red
2550,85.085,red,153.2,-6.6,1.6,red
2553,85.185,red,153.7,-5.4,1.8,red
2556,85.285,red,153.1,-6.3,1.3,red
2559,85.385,red,154.3,-5.9,0.7,red
2562,85.485,red,151.8,-6.2,0.1,red
2565,85.586,red,153.5,-5.7,0.0,red
2568,85.686,red,152.3,-6.0,1.4,red
2571,85.786,red,152.9,-5.6,0.0,red
2574,85.886,red,153.1,-4.8,1.6,red
2577,85.986,red,152.3,-5.4,-0.4,red
2580,86.086,red,154.3,-7.2,0.5,red
2583,86.186,red,153.5,-4.7,0.4,red
2586,86.286,red,153.1,-5.1,2.6,red
2589,86.386,red,153.0,-6.1,0.9,red
2592,86.486,red,153.0,-5.2,0.6,red
2595,86.586,red,152.4,-5.0,2.1,red
2598,86.687,red,152.4,-5.1,1.6,red
2601,86.787,red,152.7,-6.9,2.6,red
2604,86.887,red,153.5,-5.1,-0.2,red
2607,86.987,red,152.6,-6.1,2.0,red
2610,87.087,red,151.1,-6.5,0.6,red
2613,87.187,red,151.5,-7.0,0.4,red
2616,87.287,red,153.3,-6.8,0.7,red
2619,87.387,red,154.3,-5.5,0.2,red
2622,87.487,red,153.8,-5.1,0.7,red
2625,87.588,red,154.3,-6.0,2.0,red
2628,87.688,red,152.3,-6.8,1.6,red
2631,87.788,red,152.3,-6.1,1.2,red
2634,87.888,red,152.8,-5.0,1.6,red
2637,87.988,red,153.1,-5.7,1.1,red
2640,88.088,red,154.1,-5.8,1.0,red
2643,88.188,red,153.8,-6.4,2.1,red
2646,88.288,red,151.9,-6.3,0.1,red
2649,88.388,red,153.1,-5.2,1.1,red
2652,88.488,red,155.0,-5.3,0.3,red
2655,88.588,red,154.3,-6.3,0.3,red
2658,88.689,red,153.2,-6.2,1.6,red
2661,88.789,red,153.8,-6.6,1.6,red
2664,88.889,red,151.7,-5.0,1.3,red
2667,88.989,red,154.0,-5.8,0.2,red
2670,89.089,red,153.9,-6.7,-0.4,red
2673,89.189,red,152.2,-4.7,1.1,red
2676,89.289,red,152.3,-7.3,-0.4,red
2679,89.389,red,152.8,-6.4,-0.9,red
2682,89.489,red,153.7,-5.4,0.1,red
2685,89.59,red,153.3,-6.2,1.8,red
2688,89.69,red,155.2,-7.5,1.2,red
2691,89.79,red,154.0,-6.5,0.6,red
2694,89.89,red,153.3,-7.0,1.1,red
2697,89.99,red,153.7,-6.4,3.3,red
2700,90.09,red,153.0,-5.5,1.5,red
2703,90.19,red,153.8,-6.7,2.1,red
2706,90.29,red,154.2,-7.0,1.3,red
2709,90.39,red,154.9,-6.5,1.7,red
2712,90.49,red,152.2,-6.6,0.1,red
2715,90.59,red,153.4,-6.2,0.7,red
2718,90.691,red,152.4,-6.5,1.4,red
2721,90.791,red,152.9,-5.6,1.0,red
2724,90.891,red,155.2,-5.4,0.9,red
2727,90.991,red,153.6,-5.6,0.9,red
2730,91.091,red,154.2,-6.2,1.1,red
2733,91.191,red,154.7,-5.5,1.0,red
2736,91.291,red,154.3,-5.3,0.6,red
2739,91.391,red,152.8,-6.0,0.3,red
2742,91.491,red,154.5,-5.4,1.3,red
2745,91.592,red,153.6,-5.9,0.5,red
2748,91.692,red,153.0,-5.8,1.7,red
2751,91.792,red,154.1,-4.7,0.8,red
2754,91.892,red,154.3,-6.1,1.0,red
2757,91.992,red,153.1,-5.5,0.4,red
2760,92.092,red,152.3,-5.6,1.0,red
2763,92.192,red,153.3,-5.6,1.8,red
2766,92.292,red,155.3,-5.7,0.6,red
2769,92.392,red,154.2,-6.5,-0.0,red
2772,92.492,red,153.3,-5.2,0.7,red
2775,92.592,red,153.6,-5.9,0.4,red
2778,92.693,red,154.4,-6.6,2.7,red
2781,92.793,red,153.4,-7.9,0.6,red
2784,92.893,red,153.4,-5.7,1.0,red
2787,92.993,red,154.2,-5.4,1.9,red
2790,93.093,red,152.3,-5.8,1.5,red
2793,93.193,red,152.5,-6.7,2.3,red
2796,93.293,red,152.6,-6.4,1.5,red
2799,93.393,red,153.4,-5.8,0.5,red
2802,93.493,red,153.8,-5.3,1.8,red
2805,93.594,red,154.3,-5.6,1.3,red
2808,93.694,red,153.0,-5.5,0.4,red
2811,93.794,red,152.8,-6.1,1.3,red
2814,93.894,red,153.6,-6.3,1.7,red
2817,93.994,red,154.2,-5.5,0.2,red
2820,94.094,red,154.0,-7.0,0.7,red
2823,94.194,red,153.7,-5.1,1.9,red
2826,94.294,red,152.9,-5.4,0.4,red
2829,94.394,red,153.0,-6.5,1.6,red
2832,94.494,red,153.5,-7.1,1.8,red
2835,94.594,red,152.8,-6.1,0.5,red
2838,94.695,red,153.0,-7.1,1.1,red
2841,94.795,red,153.2,-6.7,1.3,red
2844,94.895,red,153.6,-6.0,0.2,red
2847,94.995,red,153.2,-6.2,2.2,red
2850,95.095,red,155.5,-6.0,0.6,red
2853,95.195,red,153.5,-5.4,0.9,red
2856,95.295,red,153.0,-6.3,-0.1,red
2859,95.395,red,152.6,-6.8,0.6,red
2862,95.495,red,153.5,-6.2,1.1,red
2865,95.596,red,153.5,-5.9,1.1,red
2868,95.696,red,154.2,-5.9,-1.0,red
2871,95.796,red,153.5,-5.4,0.4,red
2874,95.896,red,152.6,-5.6,1.2,red
2877,95.996,red,152.4,-5.8,0.9,red
2880,96.096,red,154.1,-6.8,0.9,red
2883,96.196,red,154.9,-6.4,1.6,red
2886,96.296,red,155.2,-4.4,0.4,red
2889,96.396,red,153.4,-6.4,1.8,red
2892,96.496,red,155.2,-5.1,1.3,red
2895,96.596,red,154.9,-5.2,0.7,red
2898,96.697,red,152.7,-6.2,2.0,red
2901,96.797,red,152.2,-5.7,-0.0,red
2904,96.897,red,152.7,-5.4,1.8,red
2907,96.997,red,151.0,-6.4,0.5,red
2910,97.097,red,155.0,-4.6,1.9,red
2913,97.197,red,152.3,-6.1,1.8,red
2916,97.297,red,153.2,-7.5,2.4,red
2919,97.397,red,154.1,-6.4,2.8,red
2922,97.497,red,154.9,-5.4,2.5,red
2925,97.598,red,152.6,-5.8,0.7,red
2928,97.698,red,153.1,-5.7,-0.7,red
2931,97.798,red,154.3,-5.2,1.6,red
2934,97.898,red,153.3,-4.6,0.5,red
2937,97.998,red,152.4,-5.7,1.6,red
2940,98.098,red,152.6,-5.9,1.4,red
2943,98.198,red,153.7,-7.7,0.7,red
2946,98.298,red,153.6,-5.8,0.1,red
2949,98.398,red,153.7,-4.3,0.2,red
2952,98.498,red,154.8,-6.8,0.4,red
2955,98.598,red,153.7,-5.5,0.1,red
2958,98.699,red,151.7,-5.0,0.2,red
2961,98.799,red,152.4,-5.1,-0.2,red
2964,98.899,red,152.5,-5.1,2.6,red
2967,98.999,red,152.6,-5.5,1.2,red
2970,99.099,red,151.6,-6.6,0.9,red
2973,99.199,red,151.2,-7.6,0.3,red
2976,99.299,red,152.4,-6.0,2.3,red
2979,99.399,red,152.1,-6.8,0.0,red
2982,99.499,red,153.5,-5.6,1.5,red
2985,99.6,red,151.8,-6.4,0.0,red
2988,99.7,red,151.7,-5.8,2.3,red
2991,99.8,red,153.6,-5.6,-0.1,red
2994,99.9,red,152.8,-5.9,0.2,red
2997,100.0,red,153.3,-5.7,-0.8,red
3000,100.1,red,153.1,-5.8,1.4,red
3003,100.2,red,152.4,-5.9,1.0,red
3006,100.3,red,153.3,-4.7,2.3,red
3009,100.4,red,153.1,-6.2,0.5,red
3012,100.5,red,154.8,-5.8,0.6,red
3015,100.6,red,154.1,-5.8,0.6,red
3018,100.701,red,151.3,-5.9,1.2,red
3021,100.801,red,151.8,-7.5,1.1,red
3024,100.901,red,152.2,-7.5,-0.1,red
3027,101.001,red,151.0,-5.6,0.4,red
3030,101.101,red,153.1,-6.7,0.9,red
3033,101.201,red,153.6,-6.1,0.3,red
3036,101.301,red,152.4,-6.0,0.5,red
3039,101.401,red,153.9,-5.9,0.0,red
3042,101.501,red,153.4,-6.0,0.9,red
3045,101.602,red,152.5,-5.5,1.2,red
3048,101.702,red,152.7,-5.7,1.3,red
3051,101.802,red,152.9,-5.0,-0.1,red
3054,101.902,red,153.2,-6.7,1.0,red
3057,102.002,red,153.3,-5.6,1.1,red
3060,102.102,red,152.4,-6.7,-0.0,red
3063,102.202,red,153.4,-5.8,0.3,red
3066,102.302,red,153.9,-5.2,-0.1,red
3069,102.402,red,153.7,-4.2,1.1,red
3072,102.502,red,153.4,-5.4,1.2,red
3075,102.602,red,151.4,-6.5,1.3,red
3078,102.703,red,152.3,-6.0,-1.2,red
3081,102.803,red,153.7,-6.3,0.9,red
3084,102.903,red,153.7,-6.0,0.3,red
3087,103.003,red,152.4,-5.8,1.8,red
3090,103.103,red,152.3,-7.3,-0.0,red
3093,103.203,red,151.8,-6.3,1.4,red
3096,103.303,red,151.3,-6.5,1.9,red
3099,103.403,red,150.5,-4.3,1.9,red
3102,103.503,red,152.0,-6.2,1.5,red
3105,103.604,red,151.4,-6.2,2.9,red
3108,103.704,red,154.1,-4.9,1.2,red
3111,103.804,red,154.8,-5.6,0.8,red
3114,103.904,red,155.2,-4.9,-0.6,red
3117,104.004,red,155.2,-4.9,-0.0,red
3120,104.104,red,152.7,-5.0,1.3,red
3123,104.204,red,152.4,-6.2,-0.0,red
3126,104.304,red,152.3,-5.6,-0.2,red
3129,104.404,red,154.8,-6.2,1.5,red
3132,104.504,red,154.5,-6.1,1.6,red
3135,104.604,red,153.4,-6.9,1.1,red
3138,104.705,red,151.6,-6.4,1.6,red
3141,104.805,red,152.5,-7.4,0.3,red
3144,104.905,red,153.2,-5.9,0.9,red
3147,105.005,red,153.2,-6.5,1.4,red
3150,105.105,red,154.7,-6.3,1.8,red
3153,105.205,red,155.1,-6.4,1.1,red
3156,105.305,red,153.0,-7.0,-0.5,red
3159,105.405,red,152.3,-5.9,0.5,red
3162,105.505,red,154.3,-5.4,-0.8,red
3165,105.606,red,152.6,-7.9,1.7,red
3168,105.706,red,153.3,-5.1,1.8,red
3171,105.806,red,152.0,-5.8,2.3,red
3174,105.906,red,153.1,-6.3,0.3,red
3177,106.006,red,153.1,-6.0,2.5,red
3180,106.106,red,153.8,-3.9,0.5,red
3183,106.206,red,154.7,-6.3,1.4,red
3186,106.306,red,154.4,-4.8,1.3,red
3189,106.406,red,154.1,-5.6,1.1,red
3192,106.506,red,154.1,-5.2,1.1,red
3195,106.606,red,155.1,-4.9,0.9,red
3198,106.707,red,152.6,-6.4,0.7,red
3201,106.807,red,153.4,-6.3,1.2,red
3204,106.907,red,152.9,-5.9,1.3,red
3207,107.007,red,152.7,-5.9,0.9,red
3210,107.107,red,152.2,-5.6,1.0,red
3213,107.207,red,152.8,-5.5,-0.2,red
3216,107.307,red,152.5,-5.8,1.8,red
3219,107.407,red,152.7,-4.9,-0.3,red
3222,107.507,red,152.6,-6.3,1.3,red
3225,107.608,red,152.9,-5.4,-0.4,red
3228,107.708,red,153.3,-5.6,0.1,red
3231,107.808,red,151.9,-5.0,0.8,red
3234,107.908,red,152.6,-6.3,1.1,red
3237,108.008,red,152.1,-5.1,0.3,red
3240,108.108,red,154.2,-5.9,1.1,red
3243,108.208,red,154.6,-6.3,-0.1,red
3246,108.308,red,154.3,-5.1,0.8,red
3249,108.408,red,152.5,-5.4,1.0,red
3252,108.508,red,154.4,-4.2,0.9,red
3255,108.608,red,153.5,-6.5,0.6,red
3258,108.709,red,153.5,-6.8,0.7,red
3261,108.809,red,152.6,-6.3,0.2,red
3264,108.909,red,154.0,-5.7,1.4,red
3267,109.009,red,153.9,-5.9,1.1,red
3270,109.109,red,153.6,-5.7,0.1,red
3273,109.209,red,153.2,-5.5,1.0,red
3276,109.309,red,152.8,-5.9,2.2,red
3279,109.409,red,152.5,-6.1,-0.7,red
3282,109.509,red,153.9,-4.4,1.6,red
3285,109.61,red,153.3,-7.4,0.7,red
3288,109.71,red,152.0,-5.9,0.8,red
3291,109.81,red,152.8,-6.3,0.4,red
3294,109.91,red,152.1,-6.0,1.1,red
3297,110.01,red,153.2,-7.3,1.2,red
3300,110.11,red,153.2,-6.9,0.5,red
3303,110.21,red,152.6,-7.0,0.4,red
3306,110.31,red,153.5,-7.4,1.6,red
3309,110.41,red,152.7,-5.6,1.2,red
3312,110.51,red,154.3,-5.4,0.7,red
3315,110.61,red,152.0,-5.2,1.1,red
3318,110.711,red,152.2,-4.4,1.9,red
3321,110.811,red,150.4,-4.6,0.7,red
3324,110.911,red,152.0,-4.4,2.0,red
3327,111.011,red,151.8,-4.8,0.9,red
3330,111.111,red,152.8,-6.6,1.8,red
3333,111.211,red,153.1,-5.6,0.5,red
3336,111.311,red,152.8,-6.2,0.9,red
3339,111.411,red,153.1,-5.5,1.7,red
3342,111.511,red_amber,153.0,69.4,-0.8,red
3345,111.612,red_amber,153.2,67.9,0.2,red
3348,111.712,red_amber,151.3,67.1,0.5,red
3351,111.812,red_amber,152.2,67.0,-0.7,red
3354,111.912,red_amber,150.6,67.0,0.6,red
3357,112.012,red_amber,153.0,67.2,0.7,red
3360,112.112,red_amber,151.5,66.7,0.4,red
3363,112.212,red_amber,151.5,65.3,-0.2,red
3366,112.312,occluded,150.9,65.7,0.1,red
3369,112.412,occluded,150.4,65.5,0.8,red
3372,112.512,occluded,151.6,65.9,-0.1,red
3375,112.612,occluded,151.5,65.1,-0.1,red
3378,112.713,occluded,150.1,64.7,0.1,red
3381,112.813,occluded,149.3,64.3,1.8,red
3384,112.913,occluded,148.8,64.3,0.4,red
3387,113.013,occluded,146.9,64.8,-0.9,red
3390,113.113,red_amber,148.1,64.6,-0.4,red
3393,113.213,red_amber,149.1,64.4,0.6,red
3396,113.313,red_amber,148.5,63.7,0.6,red
3399,113.413,red_amber,147.8,64.7,-0.2,red
3402,113.513,red_amber,148.1,64.5,-0.2,red
3405,113.614,red_amber,147.5,64.3,-1.0,red
3408,113.714,red_amber,146.9,64.3,0.5,red
3411,113.814,red_amber,145.6,64.6,0.2,red
3414,113.914,red_amber,145.8,64.3,0.2,red
3417,114.014,red_amber,145.6,63.4,0.8,red
3420,114.114,red_amber,146.1,64.4,-0.2,red
3423,114.214,red_amber,146.9,64.8,-0.5,red
3426,114.314,red_amber,146.8,64.0,-0.6,red
3429,114.414,red_amber,147.3,64.0,-0.5,red
3432,114.514,green,-0.3,-4.6,141.3,green
3435,114.614,green,-4.2,-5.4,141.1,green
3438,114.715,green,-5.3,-5.1,140.2,green
3441,114.815,green,-4.5,-5.4,140.6,green
3444,114.915,green,-4.9,-4.8,139.8,green
3447,115.015,green,-6.3,-4.5,140.0,green
3450,115.115,green,-5.7,-4.4,140.6,green
3453,115.215,green,-6.3,-5.0,140.2,green
3456,115.315,green,-3.5,-2.9,141.7,green
3459,115.415,green,-5.1,-5.3,139.4,red
3462,115.515,green,-5.6,-4.7,140.4,green
3465,115.616,green,-5.2,-4.7,140.7,green
3468,115.716,green,-4.1,-5.7,140.7,green
3471,115.816,green,-4.6,-4.1,141.7,green
3474,115.916,green,-5.0,-4.7,140.8,green
3477,116.016,green,-4.2,-5.9,140.8,green
3480,116.116,green,-4.3,-5.7,140.1,green
3483,116.216,green,-3.9,-5.5,140.8,green
3486,116.316,green,-3.7,-5.5,140.5,green
3489,116.416,green,-4.0,-6.1,141.4,green
3492,116.516,green,-5.6,-4.9,141.1,green
3495,116.616,green,-6.2,-6.1,140.9,green
3498,116.717,green,-4.8,-5.0,140.6,green
3501,116.817,green,-5.8,-5.0,140.8,green
3504,116.917,green,-3.9,-4.8,140.4,green
3507,117.017,green,-5.4,-5.8,139.4,green
3510,117.117,green,-5.0,-4.5,140.7,red
3513,117.217,green,-5.0,-4.7,140.2,green
3516,117.317,green,-5.6,-5.3,140.4,green
3519,117.417,green,-5.2,-5.0,139.6,green
3522,117.517,green,-5.5,-4.8,139.7,green
3525,117.618,green,-5.7,-5.0,139.6,green
3528,117.718,green,-3.3,-4.8,140.0,green
3531,117.818,green,-4.7,-5.1,139.7,green
3534,117.918,green,-4.9,-5.8,139.1,green
3537,118.018,green,-4.5,-5.7,139.9,green
3540,118.118,green,-5.9,-5.7,139.9,green
3543,118.218,green,-3.4,-5.8,139.1,green
3546,118.318,green,-3.4,-5.3,139.7,green
3549,118.418,green,-4.1,-4.8,139.8,green
3552,118.518,green,-4.7,-5.9,138.8,green
3555,118.618,green,-4.9,-5.0,139.8,green
3558,118.719,green,-5.0,-4.1,139.3,green
3561,118.819,green,-3.9,-5.0,139.7,green
3564,118.919,green,-4.3,-5.4,138.1,green
3567,119.019,green,-4.6,-4.0,139.0,green
3570,119.119,green,-3.3,-4.5,139.6,green
3573,119.219,green,-4.9,-5.1,139.4,green
3576,119.319,green,-4.5,-5.0,138.8,green
3579,119.419,green,-4.3,-4.5,139.3,green
3582,119.519,green,-4.1,-5.2,141.4,green
3585,119.62,green,-4.4,-4.7,139.7,green
3588,119.72,green,-5.0,-4.2,140.6,green
3591,119.82,green,-4.4,-4.0,140.0,green
3594,119.92,green,-3.3,-4.4,140.6,green
3597,120.02,green,-4.2,-5.0,140.1,none
3600,120.12,green,-3.9,-4.8,141.3,red
3603,120.22,green,-3.9,-5.1,141.4,red
3606,120.32,green,-4.2,-5.6,141.2,green
3609,120.42,green,-4.3,-4.7,140.1,green
3612,120.52,green,-3.6,-5.2,140.7,green
3615,120.62,green,-4.8,-4.3,140.9,green
3618,120.721,green,-5.4,-4.2,141.1,green
3621,120.821,green,-3.7,-5.4,140.5,green
3624,120.921,green,-4.0,-4.1,140.9,green
3627,121.021,green,-3.6,-4.5,140.9,green
3630,121.121,green,-3.8,-4.7,140.5,green
3633,121.221,green,-4.0,-5.0,140.5,green
3636,121.321,green,-5.0,-5.1,141.5,green
3639,121.421,green,-4.5,-5.3,140.6,green
3642,121.521,green,-5.1,-6.0,140.6,green
3645,121.622,green,-3.6,-5.6,139.9,green
3648,121.722,green,-4.2,-5.1,139.8,green
3651,121.822,green,-4.5,-5.5,140.0,green
3654,121.922,green,-3.2,-5.1,139.6,green
3657,122.022,green,-4.6,-5.7,139.2,green
3660,122.122,green,-3.9,-5.0,139.6,green
3663,122.222,green,-3.7,-5.5,139.6,green
3666,122.322,green,-3.3,-4.9,140.5,green
3669,122.422,green,-5.1,-5.2,139.7,green
3672,122.522,green,-3.7,-4.4,140.0,green
3675,122.622,green,-3.6,-5.1,140.0,green
3678,122.723,green,-2.9,-5.0,139.6,green
3681,122.823,green,-3.0,-5.2,140.0,green
3684,122.923,green,-3.4,-4.8,139.3,green
3687,123.023,green,-4.6,-5.0,139.4,green
3690,123.123,green,-3.6,-5.4,131.5,green
3693,123.223,green,-3.6,-5.3,141.4,green
3696,123.323,green,-4.6,-4.1,137.5,green
3699,123.423,green,-5.3,-6.3,140.2,green
3702,123.523,green,-3.5,-5.2,139.4,green
3705,123.624,green,-5.0,-4.9,140.6,green
3708,123.724,green,-4.1,-4.4,140.3,green
3711,123.824,green,-3.6,-5.2,141.0,green
3714,123.924,green,-4.3,-5.9,137.7,green
3717,124.024,green,-4.8,-5.2,143.7,green
3720,124.124,green,-4.3,-5.0,141.3,green
3723,124.224,green,-5.7,-4.6,141.4,green
3726,124.324,green,-3.5,-5.5,140.9,green
3729,124.424,green,-4.6,-5.5,137.2,green
3732,124.524,green,-4.9,-5.5,140.6,green
3735,124.624,green,-4.8,-5.3,135.3,green
3738,124.725,green,-3.1,-5.4,140.8,green
3741,124.825,green,-3.9,-3.7,140.3,green
3744,124.925,green,-4.4,-4.5,137.1,green
3747,125.025,green,-3.1,-5.7,136.8,green
3750,125.125,green,-5.7,-4.7,141.0,green
3753,125.225,green,-4.6,-4.8,140.0,green
3756,125.325,green,-4.8,-4.7,141.9,green
3759,125.425,green,-4.6,-5.5,141.5,green
3762,125.525,green,-4.4,-4.6,141.7,green
3765,125.626,green,-3.9,-4.5,142.1,green
3768,125.726,green,-4.2,-5.2,142.6,green
3771,125.826,green,-4.5,-4.3,141.7,green
3774,125.926,green,-3.6,-5.4,139.1,green
3777,126.026,green,-4.0,-4.9,138.0,green
3780,126.126,green,-4.8,-5.3,141.1,green
3783,126.226,green,-4.9,-4.9,141.1,green
3786,126.326,green,-4.7,-4.4,141.2,green
3789,126.426,green,-4.4,-5.5,141.6,green
3792,126.526,green,-4.6,-4.9,140.9,green
3795,126.626,green,-4.1,-4.9,142.2,green
3798,126.727,green,-5.7,-5.2,141.1,green
3801,126.827,green,-4.8,-4.8,138.1,green
3804,126.927,green,-5.1,-4.5,136.6,green
3807,127.027,green,-6.0,-5.5,141.8,green
3810,127.127,green,-4.6,-5.4,137.1,green
3813,127.227,green,-2.6,-4.7,134.0,green
3816,127.327,green,-3.7,-4.0,142.4,green
3819,127.427,green,-2.8,-4.8,139.3,green
3822,127.527,green,-3.3,-5.9,139.2,green
